8001,Message-Topic,audits,waste
8002,Message-Topic,audits,waste
8003,Message-Topic,audits,waste
8004,Message-Topic,audits,waste
8005,Message-Topic,audits,waste
8006,Message-Topic,audits,waste
8007,Message-Topic,audits,waste
8008,Message-Topic,audits,waste
8009,Message-Topic,audits,waste
8010,Message-Topic,audits,waste
8011,Message-Topic,audits,waste
8012,Message-Topic,audits,waste
8013,Message-Topic,audits,waste
8014,Message-Topic,audits,waste
8015,Message-Topic,audits,waste
8016,Message-Topic,audits,waste
8017,Message-Topic,audits,waste
8018,Message-Topic,audits,waste
8019,Message-Topic,audits,waste
8020,Message-Topic,audits,waste
8021,Message-Topic,audits,waste
8022,Message-Topic,audits,waste
8023,Message-Topic,audits,waste
8024,Message-Topic,audits,waste
8025,Message-Topic,audits,waste
8026,Message-Topic,audits,waste
8027,Message-Topic,audits,waste
8028,Message-Topic,audits,waste
8029,Message-Topic,audits,waste
8030,Message-Topic,audits,waste
8031,Message-Topic,audits,waste
8032,Message-Topic,audits,waste
8033,Message-Topic,audits,waste
8034,Message-Topic,audits,waste
8035,Message-Topic,audits,waste
8036,Message-Topic,audits,waste
8037,Message-Topic,audits,waste
8038,Message-Topic,audits,waste
8039,Message-Topic,audits,waste
8040,Message-Topic,audits,waste
8041,Message-Topic,audits,waste
8042,Message-Topic,audits,waste
8043,Message-Topic,audits,waste
8044,Message-Topic,audits,waste
8045,Message-Topic,audits,waste
8046,Message-Topic,audits,waste
8047,Message-Topic,audits,waste
8048,Message-Topic,audits,waste
8049,Message-Topic,audits,waste
8050,Message-Topic,audits,waste
8051,Message-Topic,audits,waste
8052,Message-Topic,audits,waste
8053,Message-Topic,audits,waste
8054,Message-Topic,audits,waste
8055,Message-Topic,audits,waste
8056,Message-Topic,audits,waste
8057,Message-Topic,audits,waste
8058,Message-Topic,audits,waste
8059,Message-Topic,audits,waste
8060,Message-Topic,audits,waste
8061,Message-Topic,audits,waste
8062,Message-Topic,audits,waste
8063,Message-Topic,audits,waste
8064,Message-Topic,audits,waste
8065,Message-Topic,audits,waste
8066,Message-Topic,audits,waste
8067,Message-Topic,audits,waste
8068,Message-Topic,audits,waste
8069,Message-Topic,audits,waste
8070,Message-Topic,audits,waste
8071,Message-Topic,audits,waste
8072,Message-Topic,audits,waste
8073,Message-Topic,audits,waste
8074,Message-Topic,audits,waste
8075,Message-Topic,audits,waste
8076,Message-Topic,audits,waste
8077,Message-Topic,audits,waste
8078,Message-Topic,audits,waste
8079,Message-Topic,audits,waste
8080,Message-Topic,audits,waste
8081,Message-Topic,audits,waste
8082,Message-Topic,audits,waste
8083,Message-Topic,audits,waste
8084,Message-Topic,audits,waste
8085,Message-Topic,audits,waste
8086,Message-Topic,audits,waste
8087,Message-Topic,audits,waste
8088,Message-Topic,audits,waste
8089,Message-Topic,audits,waste
8090,Message-Topic,audits,waste
8091,Message-Topic,audits,waste
8092,Message-Topic,audits,waste
8093,Message-Topic,audits,waste
8094,Message-Topic,audits,waste
8095,Message-Topic,audits,waste
8096,Message-Topic,audits,waste
8097,Message-Topic,audits,waste
8098,Message-Topic,audits,waste
8099,Message-Topic,audits,waste
8100,Message-Topic,audits,waste
8101,Message-Topic,audits,waste
8102,Message-Topic,audits,waste
8103,Message-Topic,audits,waste
8104,Message-Topic,audits,waste
8105,Message-Topic,audits,waste
8106,Message-Topic,audits,waste
8107,Message-Topic,audits,waste
8108,Message-Topic,audits,waste
8109,Message-Topic,audits,waste
8110,Message-Topic,audits,waste
8111,Message-Topic,audits,waste
8112,Message-Topic,audits,waste
8113,Message-Topic,audits,waste
8114,Message-Topic,audits,waste
8115,Message-Topic,audits,waste
8116,Message-Topic,audits,waste
8117,Message-Topic,audits,waste
8118,Message-Topic,audits,waste
8119,Message-Topic,audits,waste
8120,Message-Topic,audits,waste
8121,Message-Topic,audits,waste
8122,Message-Topic,audits,waste
8123,Message-Topic,audits,waste
8124,Message-Topic,audits,waste
8125,Message-Topic,audits,waste
8126,Message-Topic,audits,waste
8127,Message-Topic,audits,waste
8128,Message-Topic,audits,waste
8129,Message-Topic,audits,waste
8130,Message-Topic,audits,waste
8131,Message-Topic,audits,waste
8132,Message-Topic,audits,waste
8133,Message-Topic,audits,waste
8134,Message-Topic,audits,waste
8135,Message-Topic,audits,waste
8136,Message-Topic,audits,waste
8137,Message-Topic,audits,waste
8138,Message-Topic,audits,waste
8139,Message-Topic,audits,waste
8140,Message-Topic,audits,waste
8141,Message-Topic,audits,waste
8142,Message-Topic,audits,waste
8143,Message-Topic,audits,waste
8144,Message-Topic,audits,waste
8145,Message-Topic,audits,waste
8146,Message-Topic,audits,waste
8147,Message-Topic,audits,waste
8148,Message-Topic,audits,waste
8149,Message-Topic,audits,waste
8150,Message-Topic,audits,waste
8151,Message-Topic,audits,waste
8152,Message-Topic,audits,waste
8153,Message-Topic,audits,waste
8154,Message-Topic,audits,waste
8155,Message-Topic,audits,waste
8156,Message-Topic,audits,waste
8157,Message-Topic,audits,waste
8158,Message-Topic,audits,waste
8159,Message-Topic,audits,waste
8160,Message-Topic,audits,waste
8161,Message-Topic,audits,waste
8162,Message-Topic,audits,waste
8163,Message-Topic,audits,waste
8164,Message-Topic,audits,waste
8165,Message-Topic,audits,waste
8166,Message-Topic,audits,waste
8167,Message-Topic,audits,waste
8168,Message-Topic,audits,waste
8169,Message-Topic,audits,waste
8170,Message-Topic,audits,waste
8171,Message-Topic,audits,waste
8172,Message-Topic,audits,waste
8173,Message-Topic,audits,waste
8174,Message-Topic,audits,waste
8175,Message-Topic,audits,waste
8176,Message-Topic,audits,waste
8177,Message-Topic,audits,waste
8178,Message-Topic,audits,waste
8179,Message-Topic,audits,waste
8180,Message-Topic,audits,waste
8181,Message-Topic,audits,waste
8182,Message-Topic,audits,waste
8183,Message-Topic,audits,waste
8184,Message-Topic,audits,waste
8185,Message-Topic,audits,waste
8186,Message-Topic,audits,waste
8187,Message-Topic,audits,waste
8188,Message-Topic,audits,waste
8189,Message-Topic,audits,waste
8190,Message-Topic,audits,waste
8191,Message-Topic,audits,waste
8192,Message-Topic,audits,waste
8193,Message-Topic,audits,waste
8194,Message-Topic,audits,waste
8195,Message-Topic,audits,waste
8196,Message-Topic,audits,waste
8197,Message-Topic,audits,waste
8198,Message-Topic,audits,waste
8199,Message-Topic,audits,waste
8200,Message-Topic,audits,waste
8201,Message-Topic,audits,waste
8202,Message-Topic,audits,waste
8203,Message-Topic,audits,waste
8204,Message-Topic,audits,waste
8205,Message-Topic,audits,waste
8206,Message-Topic,audits,waste
8207,Message-Topic,audits,waste
8208,Message-Topic,audits,waste
8209,Message-Topic,audits,waste
8210,Message-Topic,audits,waste
8211,Message-Topic,audits,waste
8212,Message-Topic,audits,waste
8213,Message-Topic,audits,waste
8214,Message-Topic,audits,waste
8215,Message-Topic,audits,waste
8216,Message-Topic,audits,waste
8217,Message-Topic,audits,waste
8218,Message-Topic,audits,waste
8219,Message-Topic,audits,waste
8220,Message-Topic,audits,waste
8221,Message-Topic,audits,waste
8222,Message-Topic,audits,waste
8223,Message-Topic,audits,waste
8224,Message-Topic,audits,waste
8225,Message-Topic,audits,waste
8226,Message-Topic,audits,waste
8227,Message-Topic,audits,waste
8228,Message-Topic,audits,waste
8229,Message-Topic,audits,waste
8230,Message-Topic,audits,waste
8231,Message-Topic,audits,waste
8232,Message-Topic,audits,waste
8233,Message-Topic,audits,waste
8234,Message-Topic,audits,waste
8235,Message-Topic,audits,waste
8236,Message-Topic,audits,waste
8237,Message-Topic,audits,waste
8238,Message-Topic,audits,waste
8239,Message-Topic,audits,waste
8240,Message-Topic,audits,waste
8241,Message-Topic,audits,waste
8242,Message-Topic,audits,waste
8243,Message-Topic,audits,waste
8244,Message-Topic,audits,waste
8245,Message-Topic,audits,waste
8246,Message-Topic,audits,waste
8247,Message-Topic,audits,waste
8248,Message-Topic,audits,waste
8249,Message-Topic,audits,waste
8250,Message-Topic,audits,waste
8251,Message-Topic,audits,waste
8252,Message-Topic,audits,waste
8253,Message-Topic,audits,waste
8254,Message-Topic,audits,waste
8255,Message-Topic,audits,waste
8256,Message-Topic,audits,waste
8257,Message-Topic,audits,waste
8258,Message-Topic,audits,waste
8259,Message-Topic,audits,waste
8260,Message-Topic,audits,waste
8261,Message-Topic,audits,waste
8262,Message-Topic,audits,waste
8263,Message-Topic,audits,waste
8264,Message-Topic,audits,waste
8265,Message-Topic,audits,waste
8266,Message-Topic,audits,waste
8267,Message-Topic,audits,waste
8268,Message-Topic,audits,waste
8269,Message-Topic,audits,waste
8270,Message-Topic,audits,waste
8271,Message-Topic,audits,waste
8272,Message-Topic,audits,waste
8273,Message-Topic,audits,waste
8274,Message-Topic,audits,waste
8275,Message-Topic,audits,waste
8276,Message-Topic,audits,waste
8277,Message-Topic,audits,waste
8278,Message-Topic,audits,waste
8279,Message-Topic,audits,waste
8280,Message-Topic,audits,waste
8281,Message-Topic,audits,waste
8282,Message-Topic,audits,waste
8283,Message-Topic,audits,waste
8284,Message-Topic,audits,waste
8285,Message-Topic,audits,waste
8286,Message-Topic,audits,waste
8287,Message-Topic,audits,waste
8288,Message-Topic,audits,waste
8289,Message-Topic,audits,waste
8290,Message-Topic,audits,waste
8291,Message-Topic,audits,waste
8292,Message-Topic,audits,waste
8293,Message-Topic,audits,waste
8294,Message-Topic,audits,waste
8295,Message-Topic,audits,waste
8296,Message-Topic,audits,waste
8297,Message-Topic,audits,waste
8298,Message-Topic,audits,waste
8299,Message-Topic,audits,waste
8300,Message-Topic,audits,waste
8301,Message-Topic,audits,waste
8302,Message-Topic,audits,waste
8303,Message-Topic,audits,waste
8304,Message-Topic,audits,waste
8305,Message-Topic,audits,waste
8306,Message-Topic,audits,waste
8307,Message-Topic,audits,waste
8308,Message-Topic,audits,waste
8309,Message-Topic,audits,waste
8310,Message-Topic,audits,waste
8311,Message-Topic,audits,waste
8312,Message-Topic,audits,waste
8313,Message-Topic,audits,waste
8314,Message-Topic,audits,waste
8315,Message-Topic,audits,waste
8316,Message-Topic,audits,waste
8317,Message-Topic,audits,waste
8318,Message-Topic,audits,waste
8319,Message-Topic,audits,waste
8320,Message-Topic,audits,waste
8321,Message-Topic,audits,waste
8322,Message-Topic,audits,waste
8323,Message-Topic,audits,waste
8324,Message-Topic,audits,waste
8325,Message-Topic,audits,waste
8326,Message-Topic,audits,waste
8327,Message-Topic,audits,waste
8328,Message-Topic,audits,waste
8329,Message-Topic,audits,waste
8330,Message-Topic,audits,waste
8331,Message-Topic,audits,waste
8332,Message-Topic,audits,waste
8333,Message-Topic,audits,waste
8334,Message-Topic,audits,waste
8335,Message-Topic,audits,waste
8336,Message-Topic,audits,waste
8337,Message-Topic,audits,waste
8338,Message-Topic,audits,waste
8339,Message-Topic,audits,waste
8340,Message-Topic,audits,waste
8341,Message-Topic,audits,waste
8342,Message-Topic,audits,waste
8343,Message-Topic,audits,waste
8344,Message-Topic,audits,waste
8345,Message-Topic,audits,waste
8346,Message-Topic,audits,waste
8347,Message-Topic,audits,waste
8348,Message-Topic,audits,waste
8349,Message-Topic,audits,waste
8350,Message-Topic,audits,waste
8351,Message-Topic,audits,waste
8352,Message-Topic,audits,waste
8353,Message-Topic,audits,waste
8354,Message-Topic,audits,waste
8355,Message-Topic,audits,waste
8356,Message-Topic,audits,waste
8357,Message-Topic,audits,waste
8358,Message-Topic,audits,waste
8359,Message-Topic,audits,waste
8360,Message-Topic,audits,waste
8361,Message-Topic,audits,waste
8362,Message-Topic,audits,waste
8363,Message-Topic,audits,waste
8364,Message-Topic,audits,waste
8365,Message-Topic,audits,waste
8366,Message-Topic,audits,waste
8367,Message-Topic,audits,waste
8368,Message-Topic,audits,waste
8369,Message-Topic,audits,waste
8370,Message-Topic,audits,waste
8371,Message-Topic,audits,waste
8372,Message-Topic,audits,waste
8373,Message-Topic,audits,waste
8374,Message-Topic,audits,waste
8375,Message-Topic,audits,waste
8376,Message-Topic,audits,waste
8377,Message-Topic,audits,waste
8378,Message-Topic,audits,waste
8379,Message-Topic,audits,waste
8380,Message-Topic,audits,waste
8381,Message-Topic,audits,waste
8382,Message-Topic,audits,waste
8383,Message-Topic,audits,waste
8384,Message-Topic,audits,waste
8385,Message-Topic,audits,waste
8386,Message-Topic,audits,waste
8387,Message-Topic,audits,waste
8388,Message-Topic,audits,waste
8389,Message-Topic,audits,waste
8390,Message-Topic,audits,waste
8391,Message-Topic,audits,waste
8392,Message-Topic,audits,waste
8393,Message-Topic,audits,waste
8394,Message-Topic,audits,waste
8395,Message-Topic,audits,waste
8396,Message-Topic,audits,waste
8397,Message-Topic,audits,waste
8398,Message-Topic,audits,waste
8399,Message-Topic,audits,waste
8400,Message-Topic,audits,waste
8401,Message-Topic,audits,waste
8402,Message-Topic,audits,waste
8403,Message-Topic,audits,waste
8404,Message-Topic,audits,waste
8405,Message-Topic,audits,waste
8406,Message-Topic,audits,waste
8407,Message-Topic,audits,waste
8408,Message-Topic,audits,waste
8409,Message-Topic,audits,waste
8410,Message-Topic,audits,waste
8411,Message-Topic,audits,waste
8412,Message-Topic,audits,waste
8413,Message-Topic,audits,waste
8414,Message-Topic,audits,waste
8415,Message-Topic,audits,waste
8416,Message-Topic,audits,waste
8417,Message-Topic,audits,waste
8418,Message-Topic,audits,waste
8419,Message-Topic,audits,waste
8420,Message-Topic,audits,waste
8421,Message-Topic,audits,waste
8422,Message-Topic,audits,waste
8423,Message-Topic,audits,waste
8424,Message-Topic,audits,waste
8425,Message-Topic,audits,waste
8426,Message-Topic,audits,waste
8427,Message-Topic,audits,waste
8428,Message-Topic,audits,waste
8429,Message-Topic,audits,waste
8430,Message-Topic,audits,waste
8431,Message-Topic,audits,waste
8432,Message-Topic,audits,waste
8433,Message-Topic,audits,waste
8434,Message-Topic,audits,waste
8435,Message-Topic,audits,waste
8436,Message-Topic,audits,waste
8437,Message-Topic,audits,waste
8438,Message-Topic,audits,waste
8439,Message-Topic,audits,waste
8440,Message-Topic,audits,waste
8441,Message-Topic,audits,waste
8442,Message-Topic,audits,waste
8443,Message-Topic,audits,waste
8444,Message-Topic,audits,waste
8445,Message-Topic,audits,waste
8446,Message-Topic,audits,waste
8447,Message-Topic,audits,waste
8448,Message-Topic,audits,waste
8449,Message-Topic,audits,waste
8450,Message-Topic,audits,waste
8451,Message-Topic,audits,waste
8452,Message-Topic,audits,waste
8453,Message-Topic,audits,waste
8454,Message-Topic,audits,waste
8455,Message-Topic,audits,waste
8456,Message-Topic,audits,waste
8457,Message-Topic,audits,waste
8458,Message-Topic,audits,waste
8459,Message-Topic,audits,waste
8460,Message-Topic,audits,waste
8461,Message-Topic,audits,waste
8462,Message-Topic,audits,waste
8463,Message-Topic,audits,waste
8464,Message-Topic,audits,waste
8465,Message-Topic,audits,waste
8466,Message-Topic,audits,waste
8467,Message-Topic,audits,waste
8468,Message-Topic,audits,waste
8469,Message-Topic,audits,waste
8470,Message-Topic,audits,waste
8471,Message-Topic,audits,waste
8472,Message-Topic,audits,waste
8473,Message-Topic,audits,waste
8474,Message-Topic,audits,waste
8475,Message-Topic,audits,waste
8476,Message-Topic,audits,waste
8477,Message-Topic,audits,waste
8478,Message-Topic,audits,waste
8479,Message-Topic,audits,waste
8480,Message-Topic,audits,waste
8481,Message-Topic,audits,waste
8482,Message-Topic,audits,waste
8483,Message-Topic,audits,waste
8484,Message-Topic,audits,waste
8485,Message-Topic,audits,waste
8486,Message-Topic,audits,waste
8487,Message-Topic,audits,waste
8488,Message-Topic,audits,waste
8489,Message-Topic,audits,waste
8490,Message-Topic,audits,waste
8491,Message-Topic,audits,waste
8492,Message-Topic,audits,waste
8493,Message-Topic,audits,waste
8494,Message-Topic,audits,waste
8495,Message-Topic,audits,waste
8496,Message-Topic,audits,waste
8497,Message-Topic,audits,waste
8498,Message-Topic,audits,waste
8499,Message-Topic,audits,waste
8500,Message-Topic,audits,waste
8501,Message-Topic,audits,waste
8502,Message-Topic,audits,waste
8503,Message-Topic,audits,waste
8504,Message-Topic,audits,waste
8505,Message-Topic,audits,waste
8506,Message-Topic,audits,waste
8507,Message-Topic,audits,waste
8508,Message-Topic,audits,waste
8509,Message-Topic,audits,waste
8510,Message-Topic,audits,waste
8511,Message-Topic,audits,waste
8512,Message-Topic,audits,waste
8513,Message-Topic,audits,waste
8514,Message-Topic,audits,waste
8515,Message-Topic,audits,waste
8516,Message-Topic,audits,waste
8517,Message-Topic,audits,waste
8518,Message-Topic,audits,waste
8519,Message-Topic,audits,waste
8520,Message-Topic,audits,waste
8521,Message-Topic,audits,waste
8522,Message-Topic,audits,waste
8523,Message-Topic,audits,waste
8524,Message-Topic,audits,waste
8525,Message-Topic,audits,waste
8526,Message-Topic,audits,waste
8527,Message-Topic,audits,waste
8528,Message-Topic,audits,waste
8529,Message-Topic,audits,waste
8530,Message-Topic,audits,waste
8531,Message-Topic,audits,waste
8532,Message-Topic,audits,waste
8533,Message-Topic,audits,waste
8534,Message-Topic,audits,waste
8535,Message-Topic,audits,waste
8536,Message-Topic,audits,waste
8537,Message-Topic,audits,waste
8538,Message-Topic,audits,waste
8539,Message-Topic,audits,waste
8540,Message-Topic,audits,waste
8541,Message-Topic,audits,waste
8542,Message-Topic,audits,waste
8543,Message-Topic,audits,waste
8544,Message-Topic,audits,waste
8545,Message-Topic,audits,waste
8546,Message-Topic,audits,waste
8547,Message-Topic,audits,waste
8548,Message-Topic,audits,waste
8549,Message-Topic,audits,waste
8550,Message-Topic,audits,waste
8551,Message-Topic,audits,waste
8552,Message-Topic,audits,waste
8553,Message-Topic,audits,waste
8554,Message-Topic,audits,waste
8555,Message-Topic,audits,waste
8556,Message-Topic,audits,waste
8557,Message-Topic,audits,waste
8558,Message-Topic,audits,waste
8559,Message-Topic,audits,waste
8560,Message-Topic,audits,waste
8561,Message-Topic,audits,waste
8562,Message-Topic,audits,waste
8563,Message-Topic,audits,waste
8564,Message-Topic,audits,waste
8565,Message-Topic,audits,waste
8566,Message-Topic,audits,waste
8567,Message-Topic,audits,waste
8568,Message-Topic,audits,waste
8569,Message-Topic,audits,waste
8570,Message-Topic,audits,waste
8571,Message-Topic,audits,waste
8572,Message-Topic,audits,waste
8573,Message-Topic,audits,waste
8574,Message-Topic,audits,waste
8575,Message-Topic,audits,waste
8576,Message-Topic,audits,waste
8577,Message-Topic,audits,waste
8578,Message-Topic,audits,waste
8579,Message-Topic,audits,waste
8580,Message-Topic,audits,waste
8581,Message-Topic,audits,waste
8582,Message-Topic,audits,waste
8583,Message-Topic,audits,waste
8584,Message-Topic,audits,waste
8585,Message-Topic,audits,waste
8586,Message-Topic,audits,waste
8587,Message-Topic,audits,waste
8588,Message-Topic,audits,waste
8589,Message-Topic,audits,waste
8590,Message-Topic,audits,waste
8591,Message-Topic,audits,waste
8592,Message-Topic,audits,waste
8593,Message-Topic,audits,waste
8594,Message-Topic,audits,waste
8595,Message-Topic,audits,waste
8596,Message-Topic,audits,waste
8597,Message-Topic,audits,waste
8598,Message-Topic,audits,waste
8599,Message-Topic,audits,waste
8600,Message-Topic,audits,waste
8601,Message-Topic,audits,waste
8602,Message-Topic,audits,waste
8603,Message-Topic,audits,waste
8604,Message-Topic,audits,waste
8605,Message-Topic,audits,waste
8606,Message-Topic,audits,waste
8607,Message-Topic,audits,waste
8608,Message-Topic,audits,waste
8609,Message-Topic,audits,waste
8610,Message-Topic,audits,waste
8611,Message-Topic,audits,waste
8612,Message-Topic,audits,waste
8613,Message-Topic,audits,waste
8614,Message-Topic,audits,waste
8615,Message-Topic,audits,waste
8616,Message-Topic,audits,waste
8617,Message-Topic,audits,waste
8618,Message-Topic,audits,waste
8619,Message-Topic,audits,waste
8620,Message-Topic,audits,waste
8621,Message-Topic,audits,waste
8622,Message-Topic,audits,waste
8623,Message-Topic,audits,waste
8624,Message-Topic,audits,waste
8625,Message-Topic,audits,waste
8626,Message-Topic,audits,waste
8627,Message-Topic,audits,waste
8628,Message-Topic,audits,waste
8629,Message-Topic,audits,waste
8630,Message-Topic,audits,waste
8631,Message-Topic,audits,waste
8632,Message-Topic,audits,waste
8633,Message-Topic,audits,waste
8634,Message-Topic,audits,waste
8635,Message-Topic,audits,waste
8636,Message-Topic,audits,waste
8637,Message-Topic,audits,waste
8638,Message-Topic,audits,waste
8639,Message-Topic,audits,waste
8640,Message-Topic,audits,waste
8641,Message-Topic,audits,waste
8642,Message-Topic,audits,waste
8643,Message-Topic,audits,waste
8644,Message-Topic,audits,waste
8645,Message-Topic,audits,waste
8646,Message-Topic,audits,waste
8647,Message-Topic,audits,waste
8648,Message-Topic,audits,waste
8649,Message-Topic,audits,waste
8650,Message-Topic,audits,waste
8651,Message-Topic,audits,waste
8652,Message-Topic,audits,waste
8653,Message-Topic,audits,waste
8654,Message-Topic,audits,waste
8655,Message-Topic,audits,waste
8656,Message-Topic,audits,waste
8657,Message-Topic,audits,waste
8658,Message-Topic,audits,waste
8659,Message-Topic,audits,waste
8660,Message-Topic,audits,waste
8661,Message-Topic,audits,waste
8662,Message-Topic,audits,waste
8663,Message-Topic,audits,waste
8664,Message-Topic,audits,waste
8665,Message-Topic,audits,waste
8666,Message-Topic,audits,waste
8667,Message-Topic,audits,waste
8668,Message-Topic,audits,waste
8669,Message-Topic,audits,waste
8670,Message-Topic,audits,waste
8671,Message-Topic,audits,waste
8672,Message-Topic,audits,waste
8673,Message-Topic,audits,waste
8674,Message-Topic,audits,waste
8675,Message-Topic,audits,waste
8676,Message-Topic,audits,waste
8677,Message-Topic,audits,waste
8678,Message-Topic,audits,waste
8679,Message-Topic,audits,waste
8680,Message-Topic,audits,waste
8681,Message-Topic,audits,waste
8682,Message-Topic,audits,waste
8683,Message-Topic,audits,waste
8684,Message-Topic,audits,waste
8685,Message-Topic,audits,waste
8686,Message-Topic,audits,waste
8687,Message-Topic,audits,waste
8688,Message-Topic,audits,waste
8689,Message-Topic,audits,waste
8690,Message-Topic,audits,waste
8691,Message-Topic,audits,waste
8692,Message-Topic,audits,waste
8693,Message-Topic,audits,waste
8694,Message-Topic,audits,waste
8695,Message-Topic,audits,waste
8696,Message-Topic,audits,waste
8697,Message-Topic,audits,waste
8698,Message-Topic,audits,waste
8699,Message-Topic,audits,waste
8700,Message-Topic,audits,waste
8701,Message-Topic,audits,waste
8702,Message-Topic,audits,waste
8703,Message-Topic,audits,waste
8704,Message-Topic,audits,waste
8705,Message-Topic,audits,waste
8706,Message-Topic,audits,waste
8707,Message-Topic,audits,waste
8708,Message-Topic,audits,waste
8709,Message-Topic,audits,waste
8710,Message-Topic,audits,waste
8711,Message-Topic,audits,waste
8712,Message-Topic,audits,waste
8713,Message-Topic,audits,waste
8714,Message-Topic,audits,waste
8715,Message-Topic,audits,waste
8716,Message-Topic,audits,waste
8717,Message-Topic,audits,waste
8718,Message-Topic,audits,waste
8719,Message-Topic,audits,waste
8720,Message-Topic,audits,waste
8721,Message-Topic,audits,waste
8722,Message-Topic,audits,waste
8723,Message-Topic,audits,waste
8724,Message-Topic,audits,waste
8725,Message-Topic,audits,waste
8726,Message-Topic,audits,waste
8727,Message-Topic,audits,waste
8728,Message-Topic,audits,waste
8729,Message-Topic,audits,waste
8730,Message-Topic,audits,waste
8731,Message-Topic,audits,waste
8732,Message-Topic,audits,waste
8733,Message-Topic,audits,waste
8734,Message-Topic,audits,waste
8735,Message-Topic,audits,waste
8736,Message-Topic,audits,waste
8737,Message-Topic,audits,waste
8738,Message-Topic,audits,waste
8739,Message-Topic,audits,waste
8740,Message-Topic,audits,waste
8741,Message-Topic,audits,waste
8742,Message-Topic,audits,waste
8743,Message-Topic,audits,waste
8744,Message-Topic,audits,waste
8745,Message-Topic,audits,waste
8746,Message-Topic,audits,waste
8747,Message-Topic,audits,waste
8748,Message-Topic,audits,waste
8749,Message-Topic,audits,waste
8750,Message-Topic,audits,waste
8751,Message-Topic,audits,waste
8752,Message-Topic,audits,waste
8753,Message-Topic,audits,waste
8754,Message-Topic,audits,waste
8755,Message-Topic,audits,waste
8756,Message-Topic,audits,waste
8757,Message-Topic,audits,waste
8758,Message-Topic,audits,waste
8759,Message-Topic,audits,waste
8760,Message-Topic,audits,waste
8761,Message-Topic,audits,waste
8762,Message-Topic,audits,waste
8763,Message-Topic,audits,waste
8764,Message-Topic,audits,waste
8765,Message-Topic,audits,waste
8766,Message-Topic,audits,waste
8767,Message-Topic,audits,waste
8768,Message-Topic,audits,waste
8769,Message-Topic,audits,waste
8770,Message-Topic,audits,waste
8771,Message-Topic,audits,waste
8772,Message-Topic,audits,waste
8773,Message-Topic,audits,waste
8774,Message-Topic,audits,waste
8775,Message-Topic,audits,waste
8776,Message-Topic,audits,waste
8777,Message-Topic,audits,waste
8778,Message-Topic,audits,waste
8779,Message-Topic,audits,waste
8780,Message-Topic,audits,waste
8781,Message-Topic,audits,waste
8782,Message-Topic,audits,waste
8783,Message-Topic,audits,waste
8784,Message-Topic,audits,waste
8785,Message-Topic,audits,waste
8786,Message-Topic,audits,waste
8787,Message-Topic,audits,waste
8788,Message-Topic,audits,waste
8789,Message-Topic,audits,waste
8790,Message-Topic,audits,waste
8791,Message-Topic,audits,waste
8792,Message-Topic,audits,waste
8793,Message-Topic,audits,waste
8794,Message-Topic,audits,waste
8795,Message-Topic,audits,waste
8796,Message-Topic,audits,waste
8797,Message-Topic,audits,waste
8798,Message-Topic,audits,waste
8799,Message-Topic,audits,waste
8800,Message-Topic,audits,waste
8801,Message-Topic,audits,waste
8802,Message-Topic,audits,waste
8803,Message-Topic,audits,waste
8804,Message-Topic,audits,waste
8805,Message-Topic,audits,waste
8806,Message-Topic,audits,waste
8807,Message-Topic,audits,waste
8808,Message-Topic,audits,waste
8809,Message-Topic,audits,waste
8810,Message-Topic,audits,waste
8811,Message-Topic,audits,waste
8812,Message-Topic,audits,waste
8813,Message-Topic,audits,waste
8814,Message-Topic,audits,waste
8815,Message-Topic,audits,waste
8816,Message-Topic,audits,waste
8817,Message-Topic,audits,waste
8818,Message-Topic,audits,waste
8819,Message-Topic,audits,waste
8820,Message-Topic,audits,waste
8821,Message-Topic,audits,waste
8822,Message-Topic,audits,waste
8823,Message-Topic,audits,waste
8824,Message-Topic,audits,waste
8825,Message-Topic,audits,waste
8826,Message-Topic,audits,waste
8827,Message-Topic,audits,waste
8828,Message-Topic,audits,waste
8829,Message-Topic,audits,waste
8830,Message-Topic,audits,waste
8831,Message-Topic,audits,waste
8832,Message-Topic,audits,waste
8833,Message-Topic,audits,waste
8834,Message-Topic,audits,waste
8835,Message-Topic,audits,waste
8836,Message-Topic,audits,waste
8837,Message-Topic,audits,waste
8838,Message-Topic,audits,waste
8839,Message-Topic,audits,waste
8840,Message-Topic,audits,waste
8841,Message-Topic,audits,waste
8842,Message-Topic,audits,waste
8843,Message-Topic,audits,waste
8844,Message-Topic,audits,waste
8845,Message-Topic,audits,waste
8846,Message-Topic,audits,waste
8847,Message-Topic,audits,waste
8848,Message-Topic,audits,waste
8849,Message-Topic,audits,waste
8850,Message-Topic,audits,waste
8851,Message-Topic,audits,waste
8852,Message-Topic,audits,waste
8853,Message-Topic,audits,waste
8854,Message-Topic,audits,waste
8855,Message-Topic,audits,waste
8856,Message-Topic,audits,waste
8857,Message-Topic,audits,waste
8858,Message-Topic,audits,waste
8859,Message-Topic,audits,waste
8860,Message-Topic,audits,waste
8861,Message-Topic,audits,waste
8862,Message-Topic,audits,waste
8863,Message-Topic,audits,waste
8864,Message-Topic,audits,waste
8865,Message-Topic,audits,waste
8866,Message-Topic,audits,waste
8867,Message-Topic,audits,waste
8868,Message-Topic,audits,waste
8869,Message-Topic,audits,waste
8870,Message-Topic,audits,waste
8871,Message-Topic,audits,waste
8872,Message-Topic,audits,waste
8873,Message-Topic,audits,waste
8874,Message-Topic,audits,waste
8875,Message-Topic,audits,waste
8876,Message-Topic,audits,waste
8877,Message-Topic,audits,waste
8878,Message-Topic,audits,waste
8879,Message-Topic,audits,waste
8880,Message-Topic,audits,waste
8881,Message-Topic,audits,waste
8882,Message-Topic,audits,waste
8883,Message-Topic,audits,waste
8884,Message-Topic,audits,waste
8885,Message-Topic,audits,waste
8886,Message-Topic,audits,waste
8887,Message-Topic,audits,waste
8888,Message-Topic,audits,waste
8889,Message-Topic,audits,waste
8890,Message-Topic,audits,waste
8891,Message-Topic,audits,waste
8892,Message-Topic,audits,waste
8893,Message-Topic,audits,waste
8894,Message-Topic,audits,waste
8895,Message-Topic,audits,waste
8896,Message-Topic,audits,waste
8897,Message-Topic,audits,waste
8898,Message-Topic,audits,waste
8899,Message-Topic,audits,waste
8900,Message-Topic,audits,waste
8901,Message-Topic,audits,waste
8902,Message-Topic,audits,waste
8903,Message-Topic,audits,waste
8904,Message-Topic,audits,waste
8905,Message-Topic,audits,waste
8906,Message-Topic,audits,waste
8907,Message-Topic,audits,waste
8908,Message-Topic,audits,waste
8909,Message-Topic,audits,waste
8910,Message-Topic,audits,waste
8911,Message-Topic,audits,waste
8912,Message-Topic,audits,waste
8913,Message-Topic,audits,waste
8914,Message-Topic,audits,waste
8915,Message-Topic,audits,waste
8916,Message-Topic,audits,waste
8917,Message-Topic,audits,waste
8918,Message-Topic,audits,waste
8919,Message-Topic,audits,waste
8920,Message-Topic,audits,waste
8921,Message-Topic,audits,waste
8922,Message-Topic,audits,waste
8923,Message-Topic,audits,waste
8924,Message-Topic,audits,waste
8925,Message-Topic,audits,waste
8926,Message-Topic,audits,waste
8927,Message-Topic,audits,waste
8928,Message-Topic,audits,waste
8929,Message-Topic,audits,waste
8930,Message-Topic,audits,waste
8931,Message-Topic,audits,waste
8932,Message-Topic,audits,waste
8933,Message-Topic,audits,waste
8934,Message-Topic,audits,waste
8935,Message-Topic,audits,waste
8936,Message-Topic,audits,waste
8937,Message-Topic,audits,waste
8938,Message-Topic,audits,waste
8939,Message-Topic,audits,waste
8940,Message-Topic,audits,waste
8941,Message-Topic,audits,waste
8942,Message-Topic,audits,waste
8943,Message-Topic,audits,waste
8944,Message-Topic,audits,waste
8945,Message-Topic,audits,waste
8946,Message-Topic,audits,waste
8947,Message-Topic,audits,waste
8948,Message-Topic,audits,waste
8949,Message-Topic,audits,waste
8950,Message-Topic,audits,waste
8951,Message-Topic,audits,waste
8952,Message-Topic,audits,waste
8953,Message-Topic,audits,waste
8954,Message-Topic,audits,waste
8955,Message-Topic,audits,waste
8956,Message-Topic,audits,waste
8957,Message-Topic,audits,waste
8958,Message-Topic,audits,waste
8959,Message-Topic,audits,waste
8960,Message-Topic,audits,waste
8961,Message-Topic,audits,waste
8962,Message-Topic,audits,waste
8963,Message-Topic,audits,waste
8964,Message-Topic,audits,waste
8965,Message-Topic,audits,waste
8966,Message-Topic,audits,waste
8967,Message-Topic,audits,waste
8968,Message-Topic,audits,waste
8969,Message-Topic,audits,waste
8970,Message-Topic,audits,waste
8971,Message-Topic,audits,waste
8972,Message-Topic,audits,waste
8973,Message-Topic,audits,waste
8974,Message-Topic,audits,waste
8975,Message-Topic,audits,waste
8976,Message-Topic,audits,waste
8977,Message-Topic,audits,waste
8978,Message-Topic,audits,waste
8979,Message-Topic,audits,waste
8980,Message-Topic,audits,waste
8981,Message-Topic,audits,waste
8982,Message-Topic,audits,waste
8983,Message-Topic,audits,waste
8984,Message-Topic,audits,waste
8985,Message-Topic,audits,waste
8986,Message-Topic,audits,waste
8987,Message-Topic,audits,waste
8988,Message-Topic,audits,waste
8989,Message-Topic,audits,waste
8990,Message-Topic,audits,waste
8991,Message-Topic,audits,waste
8992,Message-Topic,audits,waste
8993,Message-Topic,audits,waste
8994,Message-Topic,audits,waste
8995,Message-Topic,audits,waste
8996,Message-Topic,audits,waste
8997,Message-Topic,audits,waste
8998,Message-Topic,audits,waste
8999,Message-Topic,audits,waste
9000,Message-Topic,audits,waste
9001,Message-Topic,audits,waste
9002,Message-Topic,audits,waste
9003,Message-Topic,audits,waste
9004,Message-Topic,audits,waste
9005,Message-Topic,audits,waste
9006,Message-Topic,audits,waste
9007,Message-Topic,audits,waste
9008,Message-Topic,audits,waste
9009,Message-Topic,audits,waste
9010,Message-Topic,audits,waste
9011,Message-Topic,audits,waste
9012,Message-Topic,audits,waste
9013,Message-Topic,audits,waste
9014,Message-Topic,audits,waste
9015,Message-Topic,audits,waste
9016,Message-Topic,audits,waste
9017,Message-Topic,audits,waste
9018,Message-Topic,audits,waste
9019,Message-Topic,audits,waste
9020,Message-Topic,audits,waste
9021,Message-Topic,audits,waste
9022,Message-Topic,audits,waste
9023,Message-Topic,audits,waste
9024,Message-Topic,audits,waste
9025,Message-Topic,audits,waste
9026,Message-Topic,audits,waste
9027,Message-Topic,audits,waste
9028,Message-Topic,audits,waste
9029,Message-Topic,audits,waste
9030,Message-Topic,audits,waste
9031,Message-Topic,audits,waste
9032,Message-Topic,audits,waste
9033,Message-Topic,audits,waste
9034,Message-Topic,audits,waste
9035,Message-Topic,audits,waste
9036,Message-Topic,audits,waste
9037,Message-Topic,audits,waste
9038,Message-Topic,audits,waste
9039,Message-Topic,audits,waste
9040,Message-Topic,audits,waste
9041,Message-Topic,audits,waste
9042,Message-Topic,audits,waste
9043,Message-Topic,audits,waste
9044,Message-Topic,audits,waste
9045,Message-Topic,audits,waste
9046,Message-Topic,audits,waste
9047,Message-Topic,audits,waste
9048,Message-Topic,audits,waste
9049,Message-Topic,audits,waste
9050,Message-Topic,audits,waste
9051,Message-Topic,audits,waste
9052,Message-Topic,audits,waste
9053,Message-Topic,audits,waste
9054,Message-Topic,audits,waste
9055,Message-Topic,audits,waste
9056,Message-Topic,audits,waste
9057,Message-Topic,audits,waste
9058,Message-Topic,audits,waste
9059,Message-Topic,audits,waste
9060,Message-Topic,audits,waste
9061,Message-Topic,audits,waste
9062,Message-Topic,audits,waste
9063,Message-Topic,audits,waste
9064,Message-Topic,audits,waste
9065,Message-Topic,audits,waste
9066,Message-Topic,audits,waste
9067,Message-Topic,audits,waste
9068,Message-Topic,audits,waste
9069,Message-Topic,audits,waste
9070,Message-Topic,audits,waste
9071,Message-Topic,audits,waste
9072,Message-Topic,audits,waste
9073,Message-Topic,audits,waste
9074,Message-Topic,audits,waste
9075,Message-Topic,audits,waste
9076,Message-Topic,audits,waste
9077,Message-Topic,audits,waste
9078,Message-Topic,audits,waste
9079,Message-Topic,audits,waste
9080,Message-Topic,audits,waste
9081,Message-Topic,audits,waste
9082,Message-Topic,audits,waste
9083,Message-Topic,audits,waste
9084,Message-Topic,audits,waste
9085,Message-Topic,audits,waste
9086,Message-Topic,audits,waste
9087,Message-Topic,audits,waste
9088,Message-Topic,audits,waste
9089,Message-Topic,audits,waste
9090,Message-Topic,audits,waste
9091,Message-Topic,audits,waste
9092,Message-Topic,audits,waste
9093,Message-Topic,audits,waste
9094,Message-Topic,audits,waste
9095,Message-Topic,audits,waste
9096,Message-Topic,audits,waste
9097,Message-Topic,audits,waste
9098,Message-Topic,audits,waste
9099,Message-Topic,audits,waste
9100,Message-Topic,audits,waste
9101,Message-Topic,audits,waste
9102,Message-Topic,audits,waste
9103,Message-Topic,audits,waste
9104,Message-Topic,audits,waste
9105,Message-Topic,audits,waste
9106,Message-Topic,audits,waste
9107,Message-Topic,audits,waste
9108,Message-Topic,audits,waste
9109,Message-Topic,audits,waste
9110,Message-Topic,audits,waste
9111,Message-Topic,audits,waste
9112,Message-Topic,audits,waste
9113,Message-Topic,audits,waste
9114,Message-Topic,audits,waste
9115,Message-Topic,audits,waste
9116,Message-Topic,audits,waste
9117,Message-Topic,audits,waste
9118,Message-Topic,audits,waste
9119,Message-Topic,audits,waste
9120,Message-Topic,audits,waste
9121,Message-Topic,audits,waste
9122,Message-Topic,audits,waste
9123,Message-Topic,audits,waste
9124,Message-Topic,audits,waste
9125,Message-Topic,audits,waste
9126,Message-Topic,audits,waste
9127,Message-Topic,audits,waste
9128,Message-Topic,audits,waste
9129,Message-Topic,audits,waste
9130,Message-Topic,audits,waste
9131,Message-Topic,audits,waste
9132,Message-Topic,audits,waste
9133,Message-Topic,audits,waste
9134,Message-Topic,audits,waste
9135,Message-Topic,audits,waste
9136,Message-Topic,audits,waste
9137,Message-Topic,audits,waste
9138,Message-Topic,audits,waste
9139,Message-Topic,audits,waste
9140,Message-Topic,audits,waste
9141,Message-Topic,audits,waste
9142,Message-Topic,audits,waste
9143,Message-Topic,audits,waste
9144,Message-Topic,audits,waste
9145,Message-Topic,audits,waste
9146,Message-Topic,audits,waste
9147,Message-Topic,audits,waste
9148,Message-Topic,audits,waste
9149,Message-Topic,audits,waste
9150,Message-Topic,audits,waste
9151,Message-Topic,audits,waste
9152,Message-Topic,audits,waste
9153,Message-Topic,audits,waste
9154,Message-Topic,audits,waste
9155,Message-Topic,audits,waste
9156,Message-Topic,audits,waste
9157,Message-Topic,audits,waste
9158,Message-Topic,audits,waste
9159,Message-Topic,audits,waste
9160,Message-Topic,audits,waste
9161,Message-Topic,audits,waste
9162,Message-Topic,audits,waste
9163,Message-Topic,audits,waste
9164,Message-Topic,audits,waste
9165,Message-Topic,audits,waste
9166,Message-Topic,audits,waste
9167,Message-Topic,audits,waste
9168,Message-Topic,audits,waste
9169,Message-Topic,audits,waste
9170,Message-Topic,audits,waste
9171,Message-Topic,audits,waste
9172,Message-Topic,audits,waste
9173,Message-Topic,audits,waste
9174,Message-Topic,audits,waste
9175,Message-Topic,audits,waste
9176,Message-Topic,audits,waste
9177,Message-Topic,audits,waste
9178,Message-Topic,audits,waste
9179,Message-Topic,audits,waste
9180,Message-Topic,audits,waste
9181,Message-Topic,audits,waste
9182,Message-Topic,audits,waste
9183,Message-Topic,audits,waste
9184,Message-Topic,audits,waste
9185,Message-Topic,audits,waste
9186,Message-Topic,audits,waste
9187,Message-Topic,audits,waste
9188,Message-Topic,audits,waste
9189,Message-Topic,audits,waste
9190,Message-Topic,audits,waste
9191,Message-Topic,audits,waste
9192,Message-Topic,audits,waste
9193,Message-Topic,audits,waste
9194,Message-Topic,audits,waste
9195,Message-Topic,audits,waste
9196,Message-Topic,audits,waste
9197,Message-Topic,audits,waste
9198,Message-Topic,audits,waste
9199,Message-Topic,audits,waste
9200,Message-Topic,audits,waste
9201,Message-Topic,audits,waste
9202,Message-Topic,audits,waste
9203,Message-Topic,audits,waste
9204,Message-Topic,audits,waste
9205,Message-Topic,audits,waste
9206,Message-Topic,audits,waste
9207,Message-Topic,audits,waste
9208,Message-Topic,audits,waste
9209,Message-Topic,audits,waste
9210,Message-Topic,audits,waste
9211,Message-Topic,audits,waste
9212,Message-Topic,audits,waste
9213,Message-Topic,audits,waste
9214,Message-Topic,audits,waste
9215,Message-Topic,audits,waste
9216,Message-Topic,audits,waste
9217,Message-Topic,audits,waste
9218,Message-Topic,audits,waste
9219,Message-Topic,audits,waste
9220,Message-Topic,audits,waste
9221,Message-Topic,audits,waste
9222,Message-Topic,audits,waste
9223,Message-Topic,audits,waste
9224,Message-Topic,audits,waste
9225,Message-Topic,audits,waste
9226,Message-Topic,audits,waste
9227,Message-Topic,audits,waste
9228,Message-Topic,audits,waste
9229,Message-Topic,audits,waste
9230,Message-Topic,audits,waste
9231,Message-Topic,audits,waste
9232,Message-Topic,audits,waste
9233,Message-Topic,audits,waste
9234,Message-Topic,audits,waste
9235,Message-Topic,audits,waste
9236,Message-Topic,audits,waste
9237,Message-Topic,audits,waste
9238,Message-Topic,audits,waste
9239,Message-Topic,audits,waste
9240,Message-Topic,audits,waste
9241,Message-Topic,audits,waste
9242,Message-Topic,audits,waste
9243,Message-Topic,audits,waste
9244,Message-Topic,audits,waste
9245,Message-Topic,audits,waste
9246,Message-Topic,audits,waste
9247,Message-Topic,audits,waste
9248,Message-Topic,audits,waste
9249,Message-Topic,audits,waste
9250,Message-Topic,audits,waste
9251,Message-Topic,audits,waste
9252,Message-Topic,audits,waste
9253,Message-Topic,audits,waste
9254,Message-Topic,audits,waste
9255,Message-Topic,audits,waste
9256,Message-Topic,audits,waste
9257,Message-Topic,audits,waste
9258,Message-Topic,audits,waste
9259,Message-Topic,audits,waste
9260,Message-Topic,audits,waste
9261,Message-Topic,audits,waste
9262,Message-Topic,audits,waste
9263,Message-Topic,audits,waste
9264,Message-Topic,audits,waste
9265,Message-Topic,audits,waste
9266,Message-Topic,audits,waste
9267,Message-Topic,audits,waste
9268,Message-Topic,audits,waste
9269,Message-Topic,audits,waste
9270,Message-Topic,audits,waste
9271,Message-Topic,audits,waste
9272,Message-Topic,audits,waste
9273,Message-Topic,audits,waste
9274,Message-Topic,audits,waste
9275,Message-Topic,audits,waste
9276,Message-Topic,audits,waste
9277,Message-Topic,audits,waste
9278,Message-Topic,audits,waste
9279,Message-Topic,audits,waste
9280,Message-Topic,audits,waste
9281,Message-Topic,audits,waste
9282,Message-Topic,audits,waste
9283,Message-Topic,audits,waste
9284,Message-Topic,audits,waste
9285,Message-Topic,audits,waste
9286,Message-Topic,audits,waste
9287,Message-Topic,audits,waste
9288,Message-Topic,audits,waste
9289,Message-Topic,audits,waste
9290,Message-Topic,audits,waste
9291,Message-Topic,audits,waste
9292,Message-Topic,audits,waste
9293,Message-Topic,audits,waste
9294,Message-Topic,audits,waste
9295,Message-Topic,audits,waste
9296,Message-Topic,audits,waste
9297,Message-Topic,audits,waste
9298,Message-Topic,audits,waste
9299,Message-Topic,audits,waste
9300,Message-Topic,audits,waste
9301,Message-Topic,audits,waste
9302,Message-Topic,audits,waste
9303,Message-Topic,audits,waste
9304,Message-Topic,audits,waste
9305,Message-Topic,audits,waste
9306,Message-Topic,audits,waste
9307,Message-Topic,audits,waste
9308,Message-Topic,audits,waste
9309,Message-Topic,audits,waste
9310,Message-Topic,audits,waste
9311,Message-Topic,audits,waste
9312,Message-Topic,audits,waste
9313,Message-Topic,audits,waste
9314,Message-Topic,audits,waste
9315,Message-Topic,audits,waste
9316,Message-Topic,audits,waste
9317,Message-Topic,audits,waste
9318,Message-Topic,audits,waste
9319,Message-Topic,audits,waste
9320,Message-Topic,audits,waste
9321,Message-Topic,audits,waste
9322,Message-Topic,audits,waste
9323,Message-Topic,audits,waste
9324,Message-Topic,audits,waste
9325,Message-Topic,audits,waste
9326,Message-Topic,audits,waste
9327,Message-Topic,audits,waste
9328,Message-Topic,audits,waste
9329,Message-Topic,audits,waste
9330,Message-Topic,audits,waste
9331,Message-Topic,audits,waste
9332,Message-Topic,audits,waste
9333,Message-Topic,audits,waste
9334,Message-Topic,audits,waste
9335,Message-Topic,audits,waste
9336,Message-Topic,audits,waste
9337,Message-Topic,audits,waste
9338,Message-Topic,audits,waste
9339,Message-Topic,audits,waste
9340,Message-Topic,audits,waste
9341,Message-Topic,audits,waste
9342,Message-Topic,audits,waste
9343,Message-Topic,audits,waste
9344,Message-Topic,audits,waste
9345,Message-Topic,audits,waste
9346,Message-Topic,audits,waste
9347,Message-Topic,audits,waste
9348,Message-Topic,audits,waste
9349,Message-Topic,audits,waste
9350,Message-Topic,audits,waste
9351,Message-Topic,audits,waste
9352,Message-Topic,audits,waste
9353,Message-Topic,audits,waste
9354,Message-Topic,audits,waste
9355,Message-Topic,audits,waste
9356,Message-Topic,audits,waste
9357,Message-Topic,audits,waste
9358,Message-Topic,audits,waste
9359,Message-Topic,audits,waste
9360,Message-Topic,audits,waste
9361,Message-Topic,audits,waste
9362,Message-Topic,audits,waste
9363,Message-Topic,audits,waste
9364,Message-Topic,audits,waste
9365,Message-Topic,audits,waste
9366,Message-Topic,audits,waste
9367,Message-Topic,audits,waste
9368,Message-Topic,audits,waste
9369,Message-Topic,audits,waste
9370,Message-Topic,audits,waste
9371,Message-Topic,audits,waste
9372,Message-Topic,audits,waste
9373,Message-Topic,audits,waste
9374,Message-Topic,audits,waste
9375,Message-Topic,audits,waste
9376,Message-Topic,audits,waste
9377,Message-Topic,audits,waste
9378,Message-Topic,audits,waste
9379,Message-Topic,audits,waste
9380,Message-Topic,audits,waste
9381,Message-Topic,audits,waste
9382,Message-Topic,audits,waste
9383,Message-Topic,audits,waste
9384,Message-Topic,audits,waste
9385,Message-Topic,audits,waste
9386,Message-Topic,audits,waste
9387,Message-Topic,audits,waste
9388,Message-Topic,audits,waste
9389,Message-Topic,audits,waste
9390,Message-Topic,audits,waste
9391,Message-Topic,audits,waste
9392,Message-Topic,audits,waste
9393,Message-Topic,audits,waste
9394,Message-Topic,audits,waste
9395,Message-Topic,audits,waste
9396,Message-Topic,audits,waste
9397,Message-Topic,audits,waste
9398,Message-Topic,audits,waste
9399,Message-Topic,audits,waste
9400,Message-Topic,audits,waste
9401,Message-Topic,audits,waste
9402,Message-Topic,audits,waste
9403,Message-Topic,audits,waste
9404,Message-Topic,audits,waste
9405,Message-Topic,audits,waste
9406,Message-Topic,audits,waste
9407,Message-Topic,audits,waste
9408,Message-Topic,audits,waste
9409,Message-Topic,audits,waste
9410,Message-Topic,audits,waste
9411,Message-Topic,audits,waste
9412,Message-Topic,audits,waste
9413,Message-Topic,audits,waste
9414,Message-Topic,audits,waste
9415,Message-Topic,audits,waste
9416,Message-Topic,audits,waste
9417,Message-Topic,audits,waste
9418,Message-Topic,audits,waste
9419,Message-Topic,audits,waste
9420,Message-Topic,audits,waste
9421,Message-Topic,audits,waste
9422,Message-Topic,audits,waste
9423,Message-Topic,audits,waste
9424,Message-Topic,audits,waste
9425,Message-Topic,audits,waste
9426,Message-Topic,audits,waste
9427,Message-Topic,audits,waste
9428,Message-Topic,audits,waste
9429,Message-Topic,audits,waste
9430,Message-Topic,audits,waste
9431,Message-Topic,audits,waste
9432,Message-Topic,audits,waste
9433,Message-Topic,audits,waste
9434,Message-Topic,audits,waste
9435,Message-Topic,audits,waste
9436,Message-Topic,audits,waste
9437,Message-Topic,audits,waste
9438,Message-Topic,audits,waste
9439,Message-Topic,audits,waste
9440,Message-Topic,audits,waste
9441,Message-Topic,audits,waste
9442,Message-Topic,audits,waste
9443,Message-Topic,audits,waste
9444,Message-Topic,audits,waste
9445,Message-Topic,audits,waste
9446,Message-Topic,audits,waste
9447,Message-Topic,audits,waste
9448,Message-Topic,audits,waste
9449,Message-Topic,audits,waste
9450,Message-Topic,audits,waste
9451,Message-Topic,audits,waste
9452,Message-Topic,audits,waste
9453,Message-Topic,audits,waste
9454,Message-Topic,audits,waste
9455,Message-Topic,audits,waste
9456,Message-Topic,audits,waste
9457,Message-Topic,audits,waste
9458,Message-Topic,audits,waste
9459,Message-Topic,audits,waste
9460,Message-Topic,audits,waste
9461,Message-Topic,audits,waste
9462,Message-Topic,audits,waste
9463,Message-Topic,audits,waste
9464,Message-Topic,audits,waste
9465,Message-Topic,audits,waste
9466,Message-Topic,audits,waste
9467,Message-Topic,audits,waste
9468,Message-Topic,audits,waste
9469,Message-Topic,audits,waste
9470,Message-Topic,audits,waste
9471,Message-Topic,audits,waste
9472,Message-Topic,audits,waste
9473,Message-Topic,audits,waste
9474,Message-Topic,audits,waste
9475,Message-Topic,audits,waste
9476,Message-Topic,audits,waste
9477,Message-Topic,audits,waste
9478,Message-Topic,audits,waste
9479,Message-Topic,audits,waste
9480,Message-Topic,audits,waste
9481,Message-Topic,audits,waste
9482,Message-Topic,audits,waste
9483,Message-Topic,audits,waste
9484,Message-Topic,audits,waste
9485,Message-Topic,audits,waste
9486,Message-Topic,audits,waste
9487,Message-Topic,audits,waste
9488,Message-Topic,audits,waste
9489,Message-Topic,audits,waste
9490,Message-Topic,audits,waste
9491,Message-Topic,audits,waste
9492,Message-Topic,audits,waste
9493,Message-Topic,audits,waste
9494,Message-Topic,audits,waste
9495,Message-Topic,audits,waste
9496,Message-Topic,audits,waste
9497,Message-Topic,audits,waste
9498,Message-Topic,audits,waste
9499,Message-Topic,audits,waste
9500,Message-Topic,audits,waste
9501,Message-Topic,audits,waste
9502,Message-Topic,audits,waste
9503,Message-Topic,audits,waste
9504,Message-Topic,audits,waste
9505,Message-Topic,audits,waste
9506,Message-Topic,audits,waste
9507,Message-Topic,audits,waste
9508,Message-Topic,audits,waste
9509,Message-Topic,audits,waste
9510,Message-Topic,audits,waste
9511,Message-Topic,audits,waste
9512,Message-Topic,audits,waste
9513,Message-Topic,audits,waste
9514,Message-Topic,audits,waste
9515,Message-Topic,audits,waste
9516,Message-Topic,audits,waste
9517,Message-Topic,audits,waste
9518,Message-Topic,audits,waste
9519,Message-Topic,audits,waste
9520,Message-Topic,audits,waste
9521,Message-Topic,audits,waste
9522,Message-Topic,audits,waste
9523,Message-Topic,audits,waste
9524,Message-Topic,audits,waste
9525,Message-Topic,audits,waste
9526,Message-Topic,audits,waste
9527,Message-Topic,audits,waste
9528,Message-Topic,audits,waste
9529,Message-Topic,audits,waste
9530,Message-Topic,audits,waste
9531,Message-Topic,audits,waste
9532,Message-Topic,audits,waste
9533,Message-Topic,audits,waste
9534,Message-Topic,audits,waste
9535,Message-Topic,audits,waste
9536,Message-Topic,audits,waste
9537,Message-Topic,audits,waste
9538,Message-Topic,audits,waste
9539,Message-Topic,audits,waste
9540,Message-Topic,audits,waste
9541,Message-Topic,audits,waste
9542,Message-Topic,audits,waste
9543,Message-Topic,audits,waste
9544,Message-Topic,audits,waste
9545,Message-Topic,audits,waste
9546,Message-Topic,audits,waste
9547,Message-Topic,audits,waste
9548,Message-Topic,audits,waste
9549,Message-Topic,audits,waste
9550,Message-Topic,audits,waste
9551,Message-Topic,audits,waste
9552,Message-Topic,audits,waste
9553,Message-Topic,audits,waste
9554,Message-Topic,audits,waste
9555,Message-Topic,audits,waste
9556,Message-Topic,audits,waste
9557,Message-Topic,audits,waste
9558,Message-Topic,audits,waste
9559,Message-Topic,audits,waste
9560,Message-Topic,audits,waste
9561,Message-Topic,audits,waste
9562,Message-Topic,audits,waste
9563,Message-Topic,audits,waste
9564,Message-Topic,audits,waste
9565,Message-Topic,audits,waste
9566,Message-Topic,audits,waste
9567,Message-Topic,audits,waste
9568,Message-Topic,audits,waste
9569,Message-Topic,audits,waste
9570,Message-Topic,audits,waste
9571,Message-Topic,audits,waste
9572,Message-Topic,audits,waste
9573,Message-Topic,audits,waste
9574,Message-Topic,audits,waste
9575,Message-Topic,audits,waste
9576,Message-Topic,audits,waste
9577,Message-Topic,audits,waste
9578,Message-Topic,audits,waste
9579,Message-Topic,audits,waste
9580,Message-Topic,audits,waste
9581,Message-Topic,audits,waste
9582,Message-Topic,audits,waste
9583,Message-Topic,audits,waste
9584,Message-Topic,audits,waste
9585,Message-Topic,audits,waste
9586,Message-Topic,audits,waste
9587,Message-Topic,audits,waste
9588,Message-Topic,audits,waste
9589,Message-Topic,audits,waste
9590,Message-Topic,audits,waste
9591,Message-Topic,audits,waste
9592,Message-Topic,audits,waste
9593,Message-Topic,audits,waste
9594,Message-Topic,audits,waste
9595,Message-Topic,audits,waste
9596,Message-Topic,audits,waste
9597,Message-Topic,audits,waste
9598,Message-Topic,audits,waste
9599,Message-Topic,audits,waste
9600,Message-Topic,audits,waste
9601,Message-Topic,audits,waste
9602,Message-Topic,audits,waste
9603,Message-Topic,audits,waste
9604,Message-Topic,audits,waste
9605,Message-Topic,audits,waste
9606,Message-Topic,audits,waste
9607,Message-Topic,audits,waste
9608,Message-Topic,audits,waste
9609,Message-Topic,audits,waste
9610,Message-Topic,audits,waste
9611,Message-Topic,audits,waste
9612,Message-Topic,audits,waste
9613,Message-Topic,audits,waste
9614,Message-Topic,audits,waste
9615,Message-Topic,audits,waste
9616,Message-Topic,audits,waste
9617,Message-Topic,audits,waste
9618,Message-Topic,audits,waste
9619,Message-Topic,audits,waste
9620,Message-Topic,audits,waste
9621,Message-Topic,audits,waste
9622,Message-Topic,audits,waste
9623,Message-Topic,audits,waste
9624,Message-Topic,audits,waste
9625,Message-Topic,audits,waste
9626,Message-Topic,audits,waste
9627,Message-Topic,audits,waste
9628,Message-Topic,audits,waste
9629,Message-Topic,audits,waste
9630,Message-Topic,audits,waste
9631,Message-Topic,audits,waste
9632,Message-Topic,audits,waste
9633,Message-Topic,audits,waste
9634,Message-Topic,audits,waste
9635,Message-Topic,audits,waste
9636,Message-Topic,audits,waste
9637,Message-Topic,audits,waste
9638,Message-Topic,audits,waste
9639,Message-Topic,audits,waste
9640,Message-Topic,audits,waste
9641,Message-Topic,audits,waste
9642,Message-Topic,audits,waste
9643,Message-Topic,audits,waste
9644,Message-Topic,audits,waste
9645,Message-Topic,audits,waste
9646,Message-Topic,audits,waste
9647,Message-Topic,audits,waste
9648,Message-Topic,audits,waste
9649,Message-Topic,audits,waste
9650,Message-Topic,audits,waste
9651,Message-Topic,audits,waste
9652,Message-Topic,audits,waste
9653,Message-Topic,audits,waste
9654,Message-Topic,audits,waste
9655,Message-Topic,audits,waste
9656,Message-Topic,audits,waste
9657,Message-Topic,audits,waste
9658,Message-Topic,audits,waste
9659,Message-Topic,audits,waste
9660,Message-Topic,audits,waste
9661,Message-Topic,audits,waste
9662,Message-Topic,audits,waste
9663,Message-Topic,audits,waste
9664,Message-Topic,audits,waste
9665,Message-Topic,audits,waste
9666,Message-Topic,audits,waste
9667,Message-Topic,audits,waste
9668,Message-Topic,audits,waste
9669,Message-Topic,audits,waste
9670,Message-Topic,audits,waste
9671,Message-Topic,audits,waste
9672,Message-Topic,audits,waste
9673,Message-Topic,audits,waste
9674,Message-Topic,audits,waste
9675,Message-Topic,audits,waste
9676,Message-Topic,audits,waste
9677,Message-Topic,audits,waste
9678,Message-Topic,audits,waste
9679,Message-Topic,audits,waste
9680,Message-Topic,audits,waste
9681,Message-Topic,audits,waste
9682,Message-Topic,audits,waste
9683,Message-Topic,audits,waste
9684,Message-Topic,audits,waste
9685,Message-Topic,audits,waste
9686,Message-Topic,audits,waste
9687,Message-Topic,audits,waste
9688,Message-Topic,audits,waste
9689,Message-Topic,audits,waste
9690,Message-Topic,audits,waste
9691,Message-Topic,audits,waste
9692,Message-Topic,audits,waste
9693,Message-Topic,audits,waste
9694,Message-Topic,audits,waste
9695,Message-Topic,audits,waste
9696,Message-Topic,audits,waste
9697,Message-Topic,audits,waste
9698,Message-Topic,audits,waste
9699,Message-Topic,audits,waste
9700,Message-Topic,audits,waste
9701,Message-Topic,audits,waste
9702,Message-Topic,audits,waste
9703,Message-Topic,audits,waste
9704,Message-Topic,audits,waste
9705,Message-Topic,audits,waste
9706,Message-Topic,audits,waste
9707,Message-Topic,audits,waste
9708,Message-Topic,audits,waste
9709,Message-Topic,audits,waste
9710,Message-Topic,audits,waste
9711,Message-Topic,audits,waste
9712,Message-Topic,audits,waste
9713,Message-Topic,audits,waste
9714,Message-Topic,audits,waste
9715,Message-Topic,audits,waste
9716,Message-Topic,audits,waste
9717,Message-Topic,audits,waste
9718,Message-Topic,audits,waste
9719,Message-Topic,audits,waste
9720,Message-Topic,audits,waste
9721,Message-Topic,audits,waste
9722,Message-Topic,audits,waste
9723,Message-Topic,audits,waste
9724,Message-Topic,audits,waste
9725,Message-Topic,audits,waste
9726,Message-Topic,audits,waste
9727,Message-Topic,audits,waste
9728,Message-Topic,audits,waste
9729,Message-Topic,audits,waste
9730,Message-Topic,audits,waste
9731,Message-Topic,audits,waste
9732,Message-Topic,audits,waste
9733,Message-Topic,audits,waste
9734,Message-Topic,audits,waste
9735,Message-Topic,audits,waste
9736,Message-Topic,audits,waste
9737,Message-Topic,audits,waste
9738,Message-Topic,audits,waste
9739,Message-Topic,audits,waste
9740,Message-Topic,audits,waste
9741,Message-Topic,audits,waste
9742,Message-Topic,audits,waste
9743,Message-Topic,audits,waste
9744,Message-Topic,audits,waste
9745,Message-Topic,audits,waste
9746,Message-Topic,audits,waste
9747,Message-Topic,audits,waste
9748,Message-Topic,audits,waste
9749,Message-Topic,audits,waste
9750,Message-Topic,audits,waste
9751,Message-Topic,audits,waste
9752,Message-Topic,audits,waste
9753,Message-Topic,audits,waste
9754,Message-Topic,audits,waste
9755,Message-Topic,audits,waste
9756,Message-Topic,audits,waste
9757,Message-Topic,audits,waste
9758,Message-Topic,audits,waste
9759,Message-Topic,audits,waste
9760,Message-Topic,audits,waste
9761,Message-Topic,audits,waste
9762,Message-Topic,audits,waste
9763,Message-Topic,audits,waste
9764,Message-Topic,audits,waste
9765,Message-Topic,audits,waste
9766,Message-Topic,audits,waste
9767,Message-Topic,audits,waste
9768,Message-Topic,audits,waste
9769,Message-Topic,audits,waste
9770,Message-Topic,audits,waste
9771,Message-Topic,audits,waste
9772,Message-Topic,audits,waste
9773,Message-Topic,audits,waste
9774,Message-Topic,audits,waste
9775,Message-Topic,audits,waste
9776,Message-Topic,audits,waste
9777,Message-Topic,audits,waste
9778,Message-Topic,audits,waste
9779,Message-Topic,audits,waste
9780,Message-Topic,audits,waste
9781,Message-Topic,audits,waste
9782,Message-Topic,audits,waste
9783,Message-Topic,audits,waste
9784,Message-Topic,audits,waste
9785,Message-Topic,audits,waste
9786,Message-Topic,audits,waste
9787,Message-Topic,audits,waste
9788,Message-Topic,audits,waste
9789,Message-Topic,audits,waste
9790,Message-Topic,audits,waste
9791,Message-Topic,audits,waste
9792,Message-Topic,audits,waste
9793,Message-Topic,audits,waste
9794,Message-Topic,audits,waste
9795,Message-Topic,audits,waste
9796,Message-Topic,audits,waste
9797,Message-Topic,audits,waste
9798,Message-Topic,audits,waste
9799,Message-Topic,audits,waste
9800,Message-Topic,audits,waste
9801,Message-Topic,audits,waste
9802,Message-Topic,audits,waste
9803,Message-Topic,audits,waste
9804,Message-Topic,audits,waste
9805,Message-Topic,audits,waste
9806,Message-Topic,audits,waste
9807,Message-Topic,audits,waste
9808,Message-Topic,audits,waste
9809,Message-Topic,audits,waste
9810,Message-Topic,audits,waste
9811,Message-Topic,audits,waste
9812,Message-Topic,audits,waste
9813,Message-Topic,audits,waste
9814,Message-Topic,audits,waste
9815,Message-Topic,audits,waste
9816,Message-Topic,audits,waste
9817,Message-Topic,audits,waste
9818,Message-Topic,audits,waste
9819,Message-Topic,audits,waste
9820,Message-Topic,audits,waste
9821,Message-Topic,audits,waste
9822,Message-Topic,audits,waste
9823,Message-Topic,audits,waste
9824,Message-Topic,audits,waste
9825,Message-Topic,audits,waste
9826,Message-Topic,audits,waste
9827,Message-Topic,audits,waste
9828,Message-Topic,audits,waste
9829,Message-Topic,audits,waste
9830,Message-Topic,audits,waste
9831,Message-Topic,audits,waste
9832,Message-Topic,audits,waste
9833,Message-Topic,audits,waste
9834,Message-Topic,audits,waste
9835,Message-Topic,audits,waste
9836,Message-Topic,audits,waste
9837,Message-Topic,audits,waste
9838,Message-Topic,audits,waste
9839,Message-Topic,audits,waste
9840,Message-Topic,audits,waste
9841,Message-Topic,audits,waste
9842,Message-Topic,audits,waste
9843,Message-Topic,audits,waste
9844,Message-Topic,audits,waste
9845,Message-Topic,audits,waste
9846,Message-Topic,audits,waste
9847,Message-Topic,audits,waste
9848,Message-Topic,audits,waste
9849,Message-Topic,audits,waste
9850,Message-Topic,audits,waste
9851,Message-Topic,audits,waste
9852,Message-Topic,audits,waste
9853,Message-Topic,audits,waste
9854,Message-Topic,audits,waste
9855,Message-Topic,audits,waste
9856,Message-Topic,audits,waste
9857,Message-Topic,audits,waste
9858,Message-Topic,audits,waste
9859,Message-Topic,audits,waste
9860,Message-Topic,audits,waste
9861,Message-Topic,audits,waste
9862,Message-Topic,audits,waste
9863,Message-Topic,audits,waste
9864,Message-Topic,audits,waste
9865,Message-Topic,audits,waste
9866,Message-Topic,audits,waste
9867,Message-Topic,audits,waste
9868,Message-Topic,audits,waste
9869,Message-Topic,audits,waste
9870,Message-Topic,audits,waste
9871,Message-Topic,audits,waste
9872,Message-Topic,audits,waste
9873,Message-Topic,audits,waste
9874,Message-Topic,audits,waste
9875,Message-Topic,audits,waste
9876,Message-Topic,audits,waste
9877,Message-Topic,audits,waste
9878,Message-Topic,audits,waste
9879,Message-Topic,audits,waste
9880,Message-Topic,audits,waste
9881,Message-Topic,audits,waste
9882,Message-Topic,audits,waste
9883,Message-Topic,audits,waste
9884,Message-Topic,audits,waste
9885,Message-Topic,audits,waste
9886,Message-Topic,audits,waste
9887,Message-Topic,audits,waste
9888,Message-Topic,audits,waste
9889,Message-Topic,audits,waste
9890,Message-Topic,audits,waste
9891,Message-Topic,audits,waste
9892,Message-Topic,audits,waste
9893,Message-Topic,audits,waste
9894,Message-Topic,audits,waste
9895,Message-Topic,audits,waste
9896,Message-Topic,audits,waste
9897,Message-Topic,audits,waste
9898,Message-Topic,audits,waste
9899,Message-Topic,audits,waste
9900,Message-Topic,audits,waste
9901,Message-Topic,audits,waste
9902,Message-Topic,audits,waste
9903,Message-Topic,audits,waste
9904,Message-Topic,audits,waste
9905,Message-Topic,audits,waste
9906,Message-Topic,audits,waste
9907,Message-Topic,audits,waste
9908,Message-Topic,audits,waste
9909,Message-Topic,audits,waste
9910,Message-Topic,audits,waste
9911,Message-Topic,audits,waste
9912,Message-Topic,audits,waste
9913,Message-Topic,audits,waste
9914,Message-Topic,audits,waste
9915,Message-Topic,audits,waste
9916,Message-Topic,audits,waste
9917,Message-Topic,audits,waste
9918,Message-Topic,audits,waste
9919,Message-Topic,audits,waste
9920,Message-Topic,audits,waste
9921,Message-Topic,audits,waste
9922,Message-Topic,audits,waste
9923,Message-Topic,audits,waste
9924,Message-Topic,audits,waste
9925,Message-Topic,audits,waste
9926,Message-Topic,audits,waste
9927,Message-Topic,audits,waste
9928,Message-Topic,audits,waste
9929,Message-Topic,audits,waste
9930,Message-Topic,audits,waste
9931,Message-Topic,audits,waste
9932,Message-Topic,audits,waste
9933,Message-Topic,audits,waste
9934,Message-Topic,audits,waste
9935,Message-Topic,audits,waste
9936,Message-Topic,audits,waste
9937,Message-Topic,audits,waste
9938,Message-Topic,audits,waste
9939,Message-Topic,audits,waste
9940,Message-Topic,audits,waste
9941,Message-Topic,audits,waste
9942,Message-Topic,audits,waste
9943,Message-Topic,audits,waste
9944,Message-Topic,audits,waste
9945,Message-Topic,audits,waste
9946,Message-Topic,audits,waste
9947,Message-Topic,audits,waste
9948,Message-Topic,audits,waste
9949,Message-Topic,audits,waste
9950,Message-Topic,audits,waste
9951,Message-Topic,audits,waste
9952,Message-Topic,audits,waste
9953,Message-Topic,audits,waste
9954,Message-Topic,audits,waste
9955,Message-Topic,audits,waste
9956,Message-Topic,audits,waste
9957,Message-Topic,audits,waste
9958,Message-Topic,audits,waste
9959,Message-Topic,audits,waste
9960,Message-Topic,audits,waste
9961,Message-Topic,audits,waste
9962,Message-Topic,audits,waste
9963,Message-Topic,audits,waste
9964,Message-Topic,audits,waste
9965,Message-Topic,audits,waste
9966,Message-Topic,audits,waste
9967,Message-Topic,audits,waste
9968,Message-Topic,audits,waste
9969,Message-Topic,audits,waste
9970,Message-Topic,audits,waste
9971,Message-Topic,audits,waste
9972,Message-Topic,audits,waste
9973,Message-Topic,audits,waste
9974,Message-Topic,audits,waste
9975,Message-Topic,audits,waste
9976,Message-Topic,audits,waste
9977,Message-Topic,audits,waste
9978,Message-Topic,audits,waste
9979,Message-Topic,audits,waste
9980,Message-Topic,audits,waste
9981,Message-Topic,audits,waste
9982,Message-Topic,audits,waste
9983,Message-Topic,audits,waste
9984,Message-Topic,audits,waste
9985,Message-Topic,audits,waste
9986,Message-Topic,audits,waste
9987,Message-Topic,audits,waste
9988,Message-Topic,audits,waste
9989,Message-Topic,audits,waste
9990,Message-Topic,audits,waste
9991,Message-Topic,audits,waste
9992,Message-Topic,audits,waste
9993,Message-Topic,audits,waste
9994,Message-Topic,audits,waste
9995,Message-Topic,audits,waste
9996,Message-Topic,audits,waste
9997,Message-Topic,audits,waste
9998,Message-Topic,audits,waste
9999,Message-Topic,audits,waste
10000,Message-Topic,audits,waste
10001,Message-Topic,audits,waste
10002,Message-Topic,audits,waste
10003,Message-Topic,audits,waste
10004,Message-Topic,audits,waste
10005,Message-Topic,audits,waste
10006,Message-Topic,audits,waste
10007,Message-Topic,audits,waste
10008,Message-Topic,audits,waste
10009,Message-Topic,audits,waste
10010,Message-Topic,audits,waste
10011,Message-Topic,audits,waste
10012,Message-Topic,audits,waste
10013,Message-Topic,audits,waste
10014,Message-Topic,audits,waste
10015,Message-Topic,audits,waste
10016,Message-Topic,audits,waste
10017,Message-Topic,audits,waste
10018,Message-Topic,audits,waste
10019,Message-Topic,audits,waste
10020,Message-Topic,audits,waste
10021,Message-Topic,audits,waste
10022,Message-Topic,audits,waste
10023,Message-Topic,audits,waste
10024,Message-Topic,audits,waste
10025,Message-Topic,audits,waste
10026,Message-Topic,audits,waste
10027,Message-Topic,audits,waste
10028,Message-Topic,audits,waste
10029,Message-Topic,audits,waste
10030,Message-Topic,audits,waste
10031,Message-Topic,audits,waste
10032,Message-Topic,audits,waste
10033,Message-Topic,audits,waste
10034,Message-Topic,audits,waste
10035,Message-Topic,audits,waste
10036,Message-Topic,audits,waste
10037,Message-Topic,audits,waste
10038,Message-Topic,audits,waste
10039,Message-Topic,audits,waste
10040,Message-Topic,audits,waste
10041,Message-Topic,audits,waste
10042,Message-Topic,audits,waste
10043,Message-Topic,audits,waste
10044,Message-Topic,audits,waste
10045,Message-Topic,audits,waste
10046,Message-Topic,audits,waste
10047,Message-Topic,audits,waste
10048,Message-Topic,audits,waste
10049,Message-Topic,audits,waste
10050,Message-Topic,audits,waste
10051,Message-Topic,audits,waste
10052,Message-Topic,audits,waste
10053,Message-Topic,audits,waste
10054,Message-Topic,audits,waste
10055,Message-Topic,audits,waste
10056,Message-Topic,audits,waste
10057,Message-Topic,audits,waste
10058,Message-Topic,audits,waste
10059,Message-Topic,audits,waste
10060,Message-Topic,audits,waste
10061,Message-Topic,audits,waste
10062,Message-Topic,audits,waste
10063,Message-Topic,audits,waste
10064,Message-Topic,audits,waste
10065,Message-Topic,audits,waste
10066,Message-Topic,audits,waste
10067,Message-Topic,audits,waste
10068,Message-Topic,audits,waste
10069,Message-Topic,audits,waste
10070,Message-Topic,audits,waste
10071,Message-Topic,audits,waste
10072,Message-Topic,audits,waste
10073,Message-Topic,audits,waste
10074,Message-Topic,audits,waste
10075,Message-Topic,audits,waste
10076,Message-Topic,audits,waste
10077,Message-Topic,audits,waste
10078,Message-Topic,audits,waste
10079,Message-Topic,audits,waste
10080,Message-Topic,audits,waste
10081,Message-Topic,audits,waste
10082,Message-Topic,audits,waste
10083,Message-Topic,audits,waste
10084,Message-Topic,audits,waste
10085,Message-Topic,audits,waste
10086,Message-Topic,audits,waste
10087,Message-Topic,audits,waste
10088,Message-Topic,audits,waste
10089,Message-Topic,audits,waste
10090,Message-Topic,audits,waste
10091,Message-Topic,audits,waste
10092,Message-Topic,audits,waste
10093,Message-Topic,audits,waste
10094,Message-Topic,audits,waste
10095,Message-Topic,audits,waste
10096,Message-Topic,audits,waste
10097,Message-Topic,audits,waste
10098,Message-Topic,audits,waste
10099,Message-Topic,audits,waste
10100,Message-Topic,audits,waste
10101,Message-Topic,audits,waste
10102,Message-Topic,audits,waste
10103,Message-Topic,audits,waste
10104,Message-Topic,audits,waste
10105,Message-Topic,audits,waste
10106,Message-Topic,audits,waste
10107,Message-Topic,audits,waste
10108,Message-Topic,audits,waste
10109,Message-Topic,audits,waste
10110,Message-Topic,audits,waste
10111,Message-Topic,audits,waste
10112,Message-Topic,audits,waste
10113,Message-Topic,audits,waste
10114,Message-Topic,audits,waste
10115,Message-Topic,audits,waste
10116,Message-Topic,audits,waste
10117,Message-Topic,audits,waste
10118,Message-Topic,audits,waste
10119,Message-Topic,audits,waste
10120,Message-Topic,audits,waste
10121,Message-Topic,audits,waste
10122,Message-Topic,audits,waste
10123,Message-Topic,audits,waste
10124,Message-Topic,audits,waste
10125,Message-Topic,audits,waste
10126,Message-Topic,audits,waste
10127,Message-Topic,audits,waste
10128,Message-Topic,audits,waste
10129,Message-Topic,audits,waste
10130,Message-Topic,audits,waste
10131,Message-Topic,audits,waste
10132,Message-Topic,audits,waste
10133,Message-Topic,audits,waste
10134,Message-Topic,audits,waste
10135,Message-Topic,audits,waste
10136,Message-Topic,audits,waste
10137,Message-Topic,audits,waste
10138,Message-Topic,audits,waste
10139,Message-Topic,audits,waste
10140,Message-Topic,audits,waste
10141,Message-Topic,audits,waste
10142,Message-Topic,audits,waste
10143,Message-Topic,audits,waste
10144,Message-Topic,audits,waste
10145,Message-Topic,audits,waste
10146,Message-Topic,audits,waste
10147,Message-Topic,audits,waste
10148,Message-Topic,audits,waste
10149,Message-Topic,audits,waste
10150,Message-Topic,audits,waste
10151,Message-Topic,audits,waste
10152,Message-Topic,audits,waste
10153,Message-Topic,audits,waste
10154,Message-Topic,audits,waste
10155,Message-Topic,audits,waste
10156,Message-Topic,audits,waste
10157,Message-Topic,audits,waste
10158,Message-Topic,audits,waste
10159,Message-Topic,audits,waste
10160,Message-Topic,audits,waste
10161,Message-Topic,audits,waste
10162,Message-Topic,audits,waste
10163,Message-Topic,audits,waste
10164,Message-Topic,audits,waste
10165,Message-Topic,audits,waste
10166,Message-Topic,audits,waste
10167,Message-Topic,audits,waste
10168,Message-Topic,audits,waste
10169,Message-Topic,audits,waste
10170,Message-Topic,audits,waste
10171,Message-Topic,audits,waste
10172,Message-Topic,audits,waste
10173,Message-Topic,audits,waste
10174,Message-Topic,audits,waste
10175,Message-Topic,audits,waste
10176,Message-Topic,audits,waste
10177,Message-Topic,audits,waste
10178,Message-Topic,audits,waste
10179,Message-Topic,audits,waste
10180,Message-Topic,audits,waste
10181,Message-Topic,audits,waste
10182,Message-Topic,audits,waste
10183,Message-Topic,audits,waste
10184,Message-Topic,audits,waste
10185,Message-Topic,audits,waste
10186,Message-Topic,audits,waste
10187,Message-Topic,audits,waste
10188,Message-Topic,audits,waste
10189,Message-Topic,audits,waste
10190,Message-Topic,audits,waste
10191,Message-Topic,audits,waste
10192,Message-Topic,audits,waste
10193,Message-Topic,audits,waste
10194,Message-Topic,audits,waste
10195,Message-Topic,audits,waste
10196,Message-Topic,audits,waste
10197,Message-Topic,audits,waste
10198,Message-Topic,audits,waste
10199,Message-Topic,audits,waste
10200,Message-Topic,audits,waste
10201,Message-Topic,audits,waste
10202,Message-Topic,audits,waste
10203,Message-Topic,audits,waste
10204,Message-Topic,audits,waste
10205,Message-Topic,audits,waste
10206,Message-Topic,audits,waste
10207,Message-Topic,audits,waste
10208,Message-Topic,audits,waste
10209,Message-Topic,audits,waste
10210,Message-Topic,audits,waste
10211,Message-Topic,audits,waste
10212,Message-Topic,audits,waste
10213,Message-Topic,audits,waste
10214,Message-Topic,audits,waste
10215,Message-Topic,audits,waste
10216,Message-Topic,audits,waste
10217,Message-Topic,audits,waste
10218,Message-Topic,audits,waste
10219,Message-Topic,audits,waste
10220,Message-Topic,audits,waste
10221,Message-Topic,audits,waste
10222,Message-Topic,audits,waste
10223,Message-Topic,audits,waste
10224,Message-Topic,audits,waste
10225,Message-Topic,audits,waste
10226,Message-Topic,audits,waste
10227,Message-Topic,audits,waste
10228,Message-Topic,audits,waste
10229,Message-Topic,audits,waste
10230,Message-Topic,audits,waste
10231,Message-Topic,audits,waste
10232,Message-Topic,audits,waste
10233,Message-Topic,audits,waste
10234,Message-Topic,audits,waste
10235,Message-Topic,audits,waste
10236,Message-Topic,audits,waste
10237,Message-Topic,audits,waste
10238,Message-Topic,audits,waste
10239,Message-Topic,audits,waste
10240,Message-Topic,audits,waste
10241,Message-Topic,audits,waste
10242,Message-Topic,audits,waste
10243,Message-Topic,audits,waste
10244,Message-Topic,audits,waste
10245,Message-Topic,audits,waste
10246,Message-Topic,audits,waste
10247,Message-Topic,audits,waste
10248,Message-Topic,audits,waste
10249,Message-Topic,audits,waste
10250,Message-Topic,audits,waste
10251,Message-Topic,audits,waste
10252,Message-Topic,audits,waste
10253,Message-Topic,audits,waste
10254,Message-Topic,audits,waste
10255,Message-Topic,audits,waste
10256,Message-Topic,audits,waste
10257,Message-Topic,audits,waste
10258,Message-Topic,audits,waste
10259,Message-Topic,audits,waste
10260,Message-Topic,audits,waste
10261,Message-Topic,audits,waste
10262,Message-Topic,audits,waste
10263,Message-Topic,audits,waste
10264,Message-Topic,audits,waste
10265,Message-Topic,audits,waste
10266,Message-Topic,audits,waste
10267,Message-Topic,audits,waste
10268,Message-Topic,audits,waste
10269,Message-Topic,audits,waste
10270,Message-Topic,audits,waste
10271,Message-Topic,audits,waste
10272,Message-Topic,audits,waste
10273,Message-Topic,audits,waste
10274,Message-Topic,audits,waste
10275,Message-Topic,audits,waste
10276,Message-Topic,audits,waste
10277,Message-Topic,audits,waste
10278,Message-Topic,audits,waste
10279,Message-Topic,audits,waste
10280,Message-Topic,audits,waste
10281,Message-Topic,audits,waste
10282,Message-Topic,audits,waste
10283,Message-Topic,audits,waste
10284,Message-Topic,audits,waste
10285,Message-Topic,audits,waste
10286,Message-Topic,audits,waste
10287,Message-Topic,audits,waste
10288,Message-Topic,audits,waste
10289,Message-Topic,audits,waste
10290,Message-Topic,audits,waste
10291,Message-Topic,audits,waste
10292,Message-Topic,audits,waste
10293,Message-Topic,audits,waste
10294,Message-Topic,audits,waste
10295,Message-Topic,audits,waste
10296,Message-Topic,audits,waste
10297,Message-Topic,audits,waste
10298,Message-Topic,audits,waste
10299,Message-Topic,audits,waste
10300,Message-Topic,audits,waste
10301,Message-Topic,audits,waste
10302,Message-Topic,audits,waste
10303,Message-Topic,audits,waste
10304,Message-Topic,audits,waste
10305,Message-Topic,audits,waste
10306,Message-Topic,audits,waste
10307,Message-Topic,audits,waste
10308,Message-Topic,audits,waste
10309,Message-Topic,audits,waste
10310,Message-Topic,audits,waste
10311,Message-Topic,audits,waste
10312,Message-Topic,audits,waste
10313,Message-Topic,audits,waste
10314,Message-Topic,audits,waste
10315,Message-Topic,audits,waste
10316,Message-Topic,audits,waste
10317,Message-Topic,audits,waste
10318,Message-Topic,audits,waste
10319,Message-Topic,audits,waste
10320,Message-Topic,audits,waste
10321,Message-Topic,audits,waste
10322,Message-Topic,audits,waste
10323,Message-Topic,audits,waste
10324,Message-Topic,audits,waste
10325,Message-Topic,audits,waste
10326,Message-Topic,audits,waste
10327,Message-Topic,audits,waste
10328,Message-Topic,audits,waste
10329,Message-Topic,audits,waste
10330,Message-Topic,audits,waste
10331,Message-Topic,audits,waste
10332,Message-Topic,audits,waste
10333,Message-Topic,audits,waste
10334,Message-Topic,audits,waste
10335,Message-Topic,audits,waste
10336,Message-Topic,audits,waste
10337,Message-Topic,audits,waste
10338,Message-Topic,audits,waste
10339,Message-Topic,audits,waste
10340,Message-Topic,audits,waste
10341,Message-Topic,audits,waste
10342,Message-Topic,audits,waste
10343,Message-Topic,audits,waste
10344,Message-Topic,audits,waste
10345,Message-Topic,audits,waste
10346,Message-Topic,audits,waste
10347,Message-Topic,audits,waste
10348,Message-Topic,audits,waste
10349,Message-Topic,audits,waste
10350,Message-Topic,audits,waste
10351,Message-Topic,audits,waste
10352,Message-Topic,audits,waste
10353,Message-Topic,audits,waste
10354,Message-Topic,audits,waste
10355,Message-Topic,audits,waste
10356,Message-Topic,audits,waste
10357,Message-Topic,audits,waste
10358,Message-Topic,audits,waste
10359,Message-Topic,audits,waste
10360,Message-Topic,audits,waste
10361,Message-Topic,audits,waste
10362,Message-Topic,audits,waste
10363,Message-Topic,audits,waste
10364,Message-Topic,audits,waste
10365,Message-Topic,audits,waste
10366,Message-Topic,audits,waste
10367,Message-Topic,audits,waste
10368,Message-Topic,audits,waste
10369,Message-Topic,audits,waste
10370,Message-Topic,audits,waste
10371,Message-Topic,audits,waste
10372,Message-Topic,audits,waste
10373,Message-Topic,audits,waste
10374,Message-Topic,audits,waste
10375,Message-Topic,audits,waste
10376,Message-Topic,audits,waste
10377,Message-Topic,audits,waste
10378,Message-Topic,audits,waste
10379,Message-Topic,audits,waste
10380,Message-Topic,audits,waste
10381,Message-Topic,audits,waste
10382,Message-Topic,audits,waste
10383,Message-Topic,audits,waste
10384,Message-Topic,audits,waste
10385,Message-Topic,audits,waste
10386,Message-Topic,audits,waste
10387,Message-Topic,audits,waste
10388,Message-Topic,audits,waste
10389,Message-Topic,audits,waste
10390,Message-Topic,audits,waste
10391,Message-Topic,audits,waste
10392,Message-Topic,audits,waste
10393,Message-Topic,audits,waste
10394,Message-Topic,audits,waste
10395,Message-Topic,audits,waste
10396,Message-Topic,audits,waste
10397,Message-Topic,audits,waste
10398,Message-Topic,audits,waste
10399,Message-Topic,audits,waste
10400,Message-Topic,audits,waste
10401,Message-Topic,audits,waste
10402,Message-Topic,audits,waste
10403,Message-Topic,audits,waste
10404,Message-Topic,audits,waste
10405,Message-Topic,audits,waste
10406,Message-Topic,audits,waste
10407,Message-Topic,audits,waste
10408,Message-Topic,audits,waste
10409,Message-Topic,audits,waste
10410,Message-Topic,audits,waste
10411,Message-Topic,audits,waste
10412,Message-Topic,audits,waste
10413,Message-Topic,audits,waste
10414,Message-Topic,audits,waste
10415,Message-Topic,audits,waste
10416,Message-Topic,audits,waste
10417,Message-Topic,audits,waste
10418,Message-Topic,audits,waste
10419,Message-Topic,audits,waste
10420,Message-Topic,audits,waste
10421,Message-Topic,audits,waste
10422,Message-Topic,audits,waste
10423,Message-Topic,audits,waste
10424,Message-Topic,audits,waste
10425,Message-Topic,audits,waste
10426,Message-Topic,audits,waste
10427,Message-Topic,audits,waste
10428,Message-Topic,audits,waste
10429,Message-Topic,audits,waste
10430,Message-Topic,audits,waste
10431,Message-Topic,audits,waste
10432,Message-Topic,audits,waste
10433,Message-Topic,audits,waste
10434,Message-Topic,audits,waste
10435,Message-Topic,audits,waste
10436,Message-Topic,audits,waste
10437,Message-Topic,audits,waste
10438,Message-Topic,audits,waste
10439,Message-Topic,audits,waste
10440,Message-Topic,audits,waste
10441,Message-Topic,audits,waste
10442,Message-Topic,audits,waste
10443,Message-Topic,audits,waste
10444,Message-Topic,audits,waste
10445,Message-Topic,audits,waste
10446,Message-Topic,audits,waste
10447,Message-Topic,audits,waste
10448,Message-Topic,audits,waste
10449,Message-Topic,audits,waste
10450,Message-Topic,audits,waste
10451,Message-Topic,audits,waste
10452,Message-Topic,audits,waste
10453,Message-Topic,audits,waste
10454,Message-Topic,audits,waste
10455,Message-Topic,audits,waste
10456,Message-Topic,audits,waste
10457,Message-Topic,audits,waste
10458,Message-Topic,audits,waste
10459,Message-Topic,audits,waste
10460,Message-Topic,audits,waste
10461,Message-Topic,audits,waste
10462,Message-Topic,audits,waste
10463,Message-Topic,audits,waste
10464,Message-Topic,audits,waste
10465,Message-Topic,audits,waste
10466,Message-Topic,audits,waste
10467,Message-Topic,audits,waste
10468,Message-Topic,audits,waste
10469,Message-Topic,audits,waste
10470,Message-Topic,audits,waste
10471,Message-Topic,audits,waste
10472,Message-Topic,audits,waste
10473,Message-Topic,audits,waste
10474,Message-Topic,audits,waste
10475,Message-Topic,audits,waste
10476,Message-Topic,audits,waste
10477,Message-Topic,audits,waste
10478,Message-Topic,audits,waste
10479,Message-Topic,audits,waste
10480,Message-Topic,audits,waste
10481,Message-Topic,audits,waste
10482,Message-Topic,audits,waste
10483,Message-Topic,audits,waste
10484,Message-Topic,audits,waste
10485,Message-Topic,audits,waste
10486,Message-Topic,audits,waste
10487,Message-Topic,audits,waste
10488,Message-Topic,audits,waste
10489,Message-Topic,audits,waste
10490,Message-Topic,audits,waste
10491,Message-Topic,audits,waste
10492,Message-Topic,audits,waste
10493,Message-Topic,audits,waste
10494,Message-Topic,audits,waste
10495,Message-Topic,audits,waste
10496,Message-Topic,audits,waste
10497,Message-Topic,audits,waste
10498,Message-Topic,audits,waste
10499,Message-Topic,audits,waste
10500,Message-Topic,audits,waste
10501,Message-Topic,audits,waste
10502,Message-Topic,audits,waste
10503,Message-Topic,audits,waste
10504,Message-Topic,audits,waste
10505,Message-Topic,audits,waste
10506,Message-Topic,audits,waste
10507,Message-Topic,audits,waste
10508,Message-Topic,audits,waste
10509,Message-Topic,audits,waste
10510,Message-Topic,audits,waste
10511,Message-Topic,audits,waste
10512,Message-Topic,audits,waste
10513,Message-Topic,audits,waste
10514,Message-Topic,audits,waste
10515,Message-Topic,audits,waste
10516,Message-Topic,audits,waste
10517,Message-Topic,audits,waste
10518,Message-Topic,audits,waste
10519,Message-Topic,audits,waste
10520,Message-Topic,audits,waste
10521,Message-Topic,audits,waste
10522,Message-Topic,audits,waste
10523,Message-Topic,audits,waste
10524,Message-Topic,audits,waste
10525,Message-Topic,audits,waste
10526,Message-Topic,audits,waste
10527,Message-Topic,audits,waste
10528,Message-Topic,audits,waste
10529,Message-Topic,audits,waste
10530,Message-Topic,audits,waste
10531,Message-Topic,audits,waste
10532,Message-Topic,audits,waste
10533,Message-Topic,audits,waste
10534,Message-Topic,audits,waste
10535,Message-Topic,audits,waste
10536,Message-Topic,audits,waste
10537,Message-Topic,audits,waste
10538,Message-Topic,audits,waste
10539,Message-Topic,audits,waste
10540,Message-Topic,audits,waste
10541,Message-Topic,audits,waste
10542,Message-Topic,audits,waste
10543,Message-Topic,audits,waste
10544,Message-Topic,audits,waste
10545,Message-Topic,audits,waste
10546,Message-Topic,audits,waste
10547,Message-Topic,audits,waste
10548,Message-Topic,audits,waste
10549,Message-Topic,audits,waste
10550,Message-Topic,audits,waste
10551,Message-Topic,audits,waste
10552,Message-Topic,audits,waste
10553,Message-Topic,audits,waste
10554,Message-Topic,audits,waste
10555,Message-Topic,audits,waste
10556,Message-Topic,audits,waste
10557,Message-Topic,audits,waste
10558,Message-Topic,audits,waste
10559,Message-Topic,audits,waste
10560,Message-Topic,audits,waste
10561,Message-Topic,audits,waste
10562,Message-Topic,audits,waste
10563,Message-Topic,audits,waste
10564,Message-Topic,audits,waste
10565,Message-Topic,audits,waste
10566,Message-Topic,audits,waste
10567,Message-Topic,audits,waste
10568,Message-Topic,audits,waste
10569,Message-Topic,audits,waste
10570,Message-Topic,audits,waste
10571,Message-Topic,audits,waste
10572,Message-Topic,audits,waste
10573,Message-Topic,audits,waste
10574,Message-Topic,audits,waste
10575,Message-Topic,audits,waste
10576,Message-Topic,audits,waste
10577,Message-Topic,audits,waste
10578,Message-Topic,audits,waste
10579,Message-Topic,audits,waste
10580,Message-Topic,audits,waste
10581,Message-Topic,audits,waste
10582,Message-Topic,audits,waste
10583,Message-Topic,audits,waste
10584,Message-Topic,audits,waste
10585,Message-Topic,audits,waste
10586,Message-Topic,audits,waste
10587,Message-Topic,audits,waste
10588,Message-Topic,audits,waste
10589,Message-Topic,audits,waste
10590,Message-Topic,audits,waste
10591,Message-Topic,audits,waste
10592,Message-Topic,audits,waste
10593,Message-Topic,audits,waste
10594,Message-Topic,audits,waste
10595,Message-Topic,audits,waste
10596,Message-Topic,audits,waste
10597,Message-Topic,audits,waste
10598,Message-Topic,audits,waste
10599,Message-Topic,audits,waste
10600,Message-Topic,audits,waste
10601,Message-Topic,audits,waste
10602,Message-Topic,audits,waste
10603,Message-Topic,audits,waste
10604,Message-Topic,audits,waste
10605,Message-Topic,audits,waste
10606,Message-Topic,audits,waste
10607,Message-Topic,audits,waste
10608,Message-Topic,audits,waste
10609,Message-Topic,audits,waste
10610,Message-Topic,audits,waste
10611,Message-Topic,audits,waste
10612,Message-Topic,audits,waste
10613,Message-Topic,audits,waste
10614,Message-Topic,audits,waste
10615,Message-Topic,audits,waste
10616,Message-Topic,audits,waste
10617,Message-Topic,audits,waste
10618,Message-Topic,audits,waste
10619,Message-Topic,audits,waste
10620,Message-Topic,audits,waste
10621,Message-Topic,audits,waste
10622,Message-Topic,audits,waste
10623,Message-Topic,audits,waste
10624,Message-Topic,audits,waste
10625,Message-Topic,audits,waste
10626,Message-Topic,audits,waste
10627,Message-Topic,audits,waste
10628,Message-Topic,audits,waste
10629,Message-Topic,audits,waste
10630,Message-Topic,audits,waste
10631,Message-Topic,audits,waste
10632,Message-Topic,audits,waste
10633,Message-Topic,audits,waste
10634,Message-Topic,audits,waste
10635,Message-Topic,audits,waste
10636,Message-Topic,audits,waste
10637,Message-Topic,audits,waste
10638,Message-Topic,audits,waste
10639,Message-Topic,audits,waste
10640,Message-Topic,audits,waste
10641,Message-Topic,audits,waste
10642,Message-Topic,audits,waste
10643,Message-Topic,audits,waste
10644,Message-Topic,audits,waste
10645,Message-Topic,audits,waste
10646,Message-Topic,audits,waste
10647,Message-Topic,audits,waste
10648,Message-Topic,audits,waste
10649,Message-Topic,audits,waste
10650,Message-Topic,audits,waste
10651,Message-Topic,audits,waste
10652,Message-Topic,audits,waste
10653,Message-Topic,audits,waste
10654,Message-Topic,audits,waste
10655,Message-Topic,audits,waste
10656,Message-Topic,audits,waste
10657,Message-Topic,audits,waste
10658,Message-Topic,audits,waste
10659,Message-Topic,audits,waste
10660,Message-Topic,audits,waste
10661,Message-Topic,audits,waste
10662,Message-Topic,audits,waste
10663,Message-Topic,audits,waste
10664,Message-Topic,audits,waste
10665,Message-Topic,audits,waste
10666,Message-Topic,audits,waste
10667,Message-Topic,audits,waste
10668,Message-Topic,audits,waste
10669,Message-Topic,audits,waste
10670,Message-Topic,audits,waste
10671,Message-Topic,audits,waste
10672,Message-Topic,audits,waste
10673,Message-Topic,audits,waste
10674,Message-Topic,audits,waste
10675,Message-Topic,audits,waste
10676,Message-Topic,audits,waste
10677,Message-Topic,audits,waste
10678,Message-Topic,audits,waste
10679,Message-Topic,audits,waste
10680,Message-Topic,audits,waste
10681,Message-Topic,audits,waste
10682,Message-Topic,audits,waste
10683,Message-Topic,audits,waste
10684,Message-Topic,audits,waste
10685,Message-Topic,audits,waste
10686,Message-Topic,audits,waste
10687,Message-Topic,audits,waste
10688,Message-Topic,audits,waste
10689,Message-Topic,audits,waste
10690,Message-Topic,audits,waste
10691,Message-Topic,audits,waste
10692,Message-Topic,audits,waste
10693,Message-Topic,audits,waste
10694,Message-Topic,audits,waste
10695,Message-Topic,audits,waste
10696,Message-Topic,audits,waste
10697,Message-Topic,audits,waste
10698,Message-Topic,audits,waste
10699,Message-Topic,audits,waste
10700,Message-Topic,audits,waste
10701,Message-Topic,audits,waste
10702,Message-Topic,audits,waste
10703,Message-Topic,audits,waste
10704,Message-Topic,audits,waste
10705,Message-Topic,audits,waste
10706,Message-Topic,audits,waste
10707,Message-Topic,audits,waste
10708,Message-Topic,audits,waste
10709,Message-Topic,audits,waste
10710,Message-Topic,audits,waste
10711,Message-Topic,audits,waste
10712,Message-Topic,audits,waste
10713,Message-Topic,audits,waste
10714,Message-Topic,audits,waste
10715,Message-Topic,audits,waste
10716,Message-Topic,audits,waste
10717,Message-Topic,audits,waste
